state_name,state_abb,year,population_thousands
Alaska,AK,1960,229
Alabama,AL,1960,3274
Arkansas,AR,1960,1789
Arizona,AZ,1960,1321
California,CA,1960,15870
Colorado,CO,1960,1769
Connecticut,CT,1960,2544
District of Columbia,DC,1960,765
Delaware,DE,1960,449
Florida,FL,1960,5004
Georgia,GA,1960,3956
Hawaii,HI,1960,642
Iowa,IA,1960,2756
Idaho,ID,1960,671
Illinois,IL,1960,10086
Indiana,IN,1960,4674
Kansas,KS,1960,2183
Kentucky,KY,1960,3041
Louisiana,LA,1960,3260
Massachusetts,MA,1960,5160
Maryland,MD,1960,3113
Maine,ME,1960,975
Michigan,MI,1960,7834
Minnesota,MN,1960,3425
Missouri,MO,1960,4326
Mississippi,MS,1960,2182
Montana,MT,1960,679
North Carolina,NC,1960,4573
North Dakota,ND,1960,634
Nebraska,NE,1960,1417
New Hampshire,NH,1960,609
New Jersey,NJ,1960,6103
New Mexico,NM,1960,954
Nevada,NV,1960,291
New York,NY,1960,16838
Ohio,OH,1960,9734
Oklahoma,OK,1960,2336
Oregon,OR,1960,1772
Pennsylvania,PA,1960,11329
Rhode Island,RI,1960,855
South Carolina,SC,1960,2392
South Dakota,SD,1960,683
Tennessee,TN,1960,3575
Texas,TX,1960,9624
Utah,UT,1960,900
Virginia,VA,1960,3986
Vermont,VT,1960,389
Washington,WA,1960,2855
Wisconsin,WI,1960,3962
West Virginia,WV,1960,1853
Wyoming,WY,1960,331
United States,US,1960,180671
Alaska,AK,1961,238
Alabama,AL,1961,3316
Arkansas,AR,1961,1806
Arizona,AZ,1961,1407
California,CA,1961,16497
Colorado,CO,1961,1844
Connecticut,CT,1961,2586
District of Columbia,DC,1961,778
Delaware,DE,1961,461
Florida,FL,1961,5243
Georgia,GA,1961,4015
Hawaii,HI,1961,659
Iowa,IA,1961,2756
Idaho,ID,1961,684
Illinois,IL,1961,10130
Indiana,IN,1961,4730
Kansas,KS,1961,2215
Kentucky,KY,1961,3054
Louisiana,LA,1961,3287
Massachusetts,MA,1961,5219
Maryland,MD,1961,3176
Maine,ME,1961,995
Michigan,MI,1961,7893
Minnesota,MN,1961,3470
Missouri,MO,1961,4349
Mississippi,MS,1961,2206
Montana,MT,1961,696
North Carolina,NC,1961,4663
North Dakota,ND,1961,641
Nebraska,NE,1961,1446
New Hampshire,NH,1961,618
New Jersey,NJ,1961,6265
New Mexico,NM,1961,965
Nevada,NV,1961,315
New York,NY,1961,17061
Ohio,OH,1961,9854
Oklahoma,OK,1961,2380
Oregon,OR,1961,1787
Pennsylvania,PA,1961,11392
Rhode Island,RI,1961,858
South Carolina,SC,1961,2409
South Dakota,SD,1961,693
Tennessee,TN,1961,3622
Texas,TX,1961,9820
Utah,UT,1961,936
Virginia,VA,1961,4095
Vermont,VT,1961,390
Washington,WA,1961,2882
Wisconsin,WI,1961,4009
West Virginia,WV,1961,1828
Wyoming,WY,1961,337
United States,US,1961,183691
Alaska,AK,1962,246
Alabama,AL,1962,3323
Arkansas,AR,1962,1853
Arizona,AZ,1962,1471
California,CA,1962,17072
Colorado,CO,1962,1899
Connecticut,CT,1962,2647
District of Columbia,DC,1962,788
Delaware,DE,1962,469
Florida,FL,1962,5458
Georgia,GA,1962,4086
Hawaii,HI,1962,684
Iowa,IA,1962,2750
Idaho,ID,1962,692
Illinois,IL,1962,10280
Indiana,IN,1962,4736
Kansas,KS,1962,2231
Kentucky,KY,1962,3079
Louisiana,LA,1962,3345
Massachusetts,MA,1962,5263
Maryland,MD,1962,3263
Maine,ME,1962,994
Michigan,MI,1962,7933
Minnesota,MN,1962,3513
Missouri,MO,1962,4357
Mississippi,MS,1962,2243
Montana,MT,1962,698
North Carolina,NC,1962,4707
North Dakota,ND,1962,637
Nebraska,NE,1962,1464
New Hampshire,NH,1962,632
New Jersey,NJ,1962,6376
New Mexico,NM,1962,979
Nevada,NV,1962,352
New York,NY,1962,17301
Ohio,OH,1962,9929
Oklahoma,OK,1962,2427
Oregon,OR,1962,1818
Pennsylvania,PA,1962,11355
Rhode Island,RI,1962,871
South Carolina,SC,1962,2423
South Dakota,SD,1962,705
Tennessee,TN,1962,3673
Texas,TX,1962,10053
Utah,UT,1962,958
Virginia,VA,1962,4180
Vermont,VT,1962,393
Washington,WA,1962,2942
Wisconsin,WI,1962,4049
West Virginia,WV,1962,1809
Wyoming,WY,1962,333
United States,US,1962,186538
Alaska,AK,1963,256
Alabama,AL,1963,3358
Arkansas,AR,1963,1875
Arizona,AZ,1963,1521
California,CA,1963,17668
Colorado,CO,1963,1936
Connecticut,CT,1963,2727
District of Columbia,DC,1963,798
Delaware,DE,1963,483
Florida,FL,1963,5628
Georgia,GA,1963,4172
Hawaii,HI,1963,682
Iowa,IA,1963,2747
Idaho,ID,1963,683
Illinois,IL,1963,10402
Indiana,IN,1963,4799
Kansas,KS,1963,2217
Kentucky,KY,1963,3096
Louisiana,LA,1963,3377
Massachusetts,MA,1963,5344
Maryland,MD,1963,3386
Maine,ME,1963,993
Michigan,MI,1963,8058
Minnesota,MN,1963,3531
Missouri,MO,1963,4392
Mississippi,MS,1963,2244
Montana,MT,1963,703
North Carolina,NC,1963,4742
North Dakota,ND,1963,644
Nebraska,NE,1963,1476
New Hampshire,NH,1963,649
New Jersey,NJ,1963,6531
New Mexico,NM,1963,989
Nevada,NV,1963,397
New York,NY,1963,17461
Ohio,OH,1963,9986
Oklahoma,OK,1963,2439
Oregon,OR,1963,1853
Pennsylvania,PA,1963,11424
Rhode Island,RI,1963,876
South Carolina,SC,1963,2460
South Dakota,SD,1963,708
Tennessee,TN,1963,3718
Texas,TX,1963,10159
Utah,UT,1963,974
Virginia,VA,1963,4276
Vermont,VT,1963,397
Washington,WA,1963,2955
Wisconsin,WI,1963,4112
West Virginia,WV,1963,1796
Wyoming,WY,1963,336
United States,US,1963,189242
Alaska,AK,1964,263
Alabama,AL,1964,3395
Arkansas,AR,1964,1897
Arizona,AZ,1964,1556
California,CA,1964,18151
Colorado,CO,1964,1970
Connecticut,CT,1964,2798
District of Columbia,DC,1964,798
Delaware,DE,1964,497
Florida,FL,1964,5781
Georgia,GA,1964,4258
Hawaii,HI,1964,700
Iowa,IA,1964,2746
Idaho,ID,1964,680
Illinois,IL,1964,10580
Indiana,IN,1964,4856
Kansas,KS,1964,2209
Kentucky,KY,1964,3129
Louisiana,LA,1964,3446
Massachusetts,MA,1964,5448
Maryland,MD,1964,3492
Maine,ME,1964,993
Michigan,MI,1964,8187
Minnesota,MN,1964,3558
Missouri,MO,1964,4442
Mississippi,MS,1964,2241
Montana,MT,1964,706
North Carolina,NC,1964,4802
North Dakota,ND,1964,649
Nebraska,NE,1964,1482
New Hampshire,NH,1964,663
New Jersey,NJ,1964,6660
New Mexico,NM,1964,1006
Nevada,NV,1964,426
New York,NY,1964,17589
Ohio,OH,1964,10080
Oklahoma,OK,1964,2446
Oregon,OR,1964,1888
Pennsylvania,PA,1964,11519
Rhode Island,RI,1964,885
South Carolina,SC,1964,2475
South Dakota,SD,1964,701
Tennessee,TN,1964,3771
Texas,TX,1964,10270
Utah,UT,1964,978
Virginia,VA,1964,4357
Vermont,VT,1964,399
Washington,WA,1964,2961
Wisconsin,WI,1964,4165
West Virginia,WV,1964,1797
Wyoming,WY,1964,339
United States,US,1964,191889
Alaska,AK,1965,271
Alabama,AL,1965,3443
Arkansas,AR,1965,1894
Arizona,AZ,1965,1584
California,CA,1965,18585
Colorado,CO,1965,1985
Connecticut,CT,1965,2857
District of Columbia,DC,1965,797
Delaware,DE,1965,507
Florida,FL,1965,5954
Georgia,GA,1965,4332
Hawaii,HI,1965,704
Iowa,IA,1965,2742
Idaho,ID,1965,686
Illinois,IL,1965,10693
Indiana,IN,1965,4922
Kansas,KS,1965,2206
Kentucky,KY,1965,3140
Louisiana,LA,1965,3496
Massachusetts,MA,1965,5502
Maryland,MD,1965,3600
Maine,ME,1965,997
Michigan,MI,1965,8357
Minnesota,MN,1965,3592
Missouri,MO,1965,4467
Mississippi,MS,1965,2246
Montana,MT,1965,706
North Carolina,NC,1965,4863
North Dakota,ND,1965,649
Nebraska,NE,1965,1471
New Hampshire,NH,1965,676
New Jersey,NJ,1965,6767
New Mexico,NM,1965,1012
Nevada,NV,1965,444
New York,NY,1965,17734
Ohio,OH,1965,10201
Oklahoma,OK,1965,2440
Oregon,OR,1965,1937
Pennsylvania,PA,1965,11620
Rhode Island,RI,1965,893
South Carolina,SC,1965,2494
South Dakota,SD,1965,692
Tennessee,TN,1965,3798
Texas,TX,1965,10378
Utah,UT,1965,991
Virginia,VA,1965,4411
Vermont,VT,1965,404
Washington,WA,1965,2967
Wisconsin,WI,1965,4232
West Virginia,WV,1965,1786
Wyoming,WY,1965,332
United States,US,1965,194303
Alaska,AK,1966,271
Alabama,AL,1966,3464
Arkansas,AR,1966,1899
Arizona,AZ,1966,1614
California,CA,1966,18858
Colorado,CO,1966,2007
Connecticut,CT,1966,2903
District of Columbia,DC,1966,791
Delaware,DE,1966,516
Florida,FL,1966,6104
Georgia,GA,1966,4379
Hawaii,HI,1966,710
Iowa,IA,1966,2762
Idaho,ID,1966,689
Illinois,IL,1966,10836
Indiana,IN,1966,4999
Kansas,KS,1966,2200
Kentucky,KY,1966,3147
Louisiana,LA,1966,3550
Massachusetts,MA,1966,5535
Maryland,MD,1966,3695
Maine,ME,1966,999
Michigan,MI,1966,8512
Minnesota,MN,1966,3617
Missouri,MO,1966,4523
Mississippi,MS,1966,2245
Montana,MT,1966,707
North Carolina,NC,1966,4896
North Dakota,ND,1966,647
Nebraska,NE,1966,1456
New Hampshire,NH,1966,681
New Jersey,NJ,1966,6851
New Mexico,NM,1966,1007
Nevada,NV,1966,446
New York,NY,1966,17843
Ohio,OH,1966,10330
Oklahoma,OK,1966,2454
Oregon,OR,1966,1969
Pennsylvania,PA,1966,11664
Rhode Island,RI,1966,899
South Carolina,SC,1966,2520
South Dakota,SD,1966,683
Tennessee,TN,1966,3822
Texas,TX,1966,10492
Utah,UT,1966,1009
Virginia,VA,1966,4456
Vermont,VT,1966,413
Washington,WA,1966,3057
Wisconsin,WI,1966,4274
West Virginia,WV,1966,1775
Wyoming,WY,1966,323
United States,US,1966,196560
Alaska,AK,1967,278
Alabama,AL,1967,3458
Arkansas,AR,1967,1901
Arizona,AZ,1967,1646
California,CA,1967,19176
Colorado,CO,1967,2053
Connecticut,CT,1967,2935
District of Columbia,DC,1967,791
Delaware,DE,1967,525
Florida,FL,1967,6242
Georgia,GA,1967,4408
Hawaii,HI,1967,723
Iowa,IA,1967,2793
Idaho,ID,1967,688
Illinois,IL,1967,10947
Indiana,IN,1967,5053
Kansas,KS,1967,2197
Kentucky,KY,1967,3172
Louisiana,LA,1967,3581
Massachusetts,MA,1967,5594
Maryland,MD,1967,3757
Maine,ME,1967,1004
Michigan,MI,1967,8630
Minnesota,MN,1967,3659
Missouri,MO,1967,4539
Mississippi,MS,1967,2228
Montana,MT,1967,701
North Carolina,NC,1967,4952
North Dakota,ND,1967,626
Nebraska,NE,1967,1457
New Hampshire,NH,1967,697
New Jersey,NJ,1967,6928
New Mexico,NM,1967,1000
Nevada,NV,1967,449
New York,NY,1967,17935
Ohio,OH,1967,10414
Oklahoma,OK,1967,2489
Oregon,OR,1967,1979
Pennsylvania,PA,1967,11681
Rhode Island,RI,1967,909
South Carolina,SC,1967,2533
South Dakota,SD,1967,671
Tennessee,TN,1967,3859
Texas,TX,1967,10599
Utah,UT,1967,1019
Virginia,VA,1967,4508
Vermont,VT,1967,423
Washington,WA,1967,3174
Wisconsin,WI,1967,4303
West Virginia,WV,1967,1769
Wyoming,WY,1967,322
United States,US,1967,198712
Alaska,AK,1968,285
Alabama,AL,1968,3446
Arkansas,AR,1968,1902
Arizona,AZ,1968,1682
California,CA,1968,19394
Colorado,CO,1968,2120
Connecticut,CT,1968,2964
District of Columbia,DC,1968,778
Delaware,DE,1968,534
Florida,FL,1968,6433
Georgia,GA,1968,4482
Hawaii,HI,1968,734
Iowa,IA,1968,2803
Idaho,ID,1968,695
Illinois,IL,1968,10995
Indiana,IN,1968,5093
Kansas,KS,1968,2216
Kentucky,KY,1968,3195
Louisiana,LA,1968,3603
Massachusetts,MA,1968,5618
Maryland,MD,1968,3815
Maine,ME,1968,994
Michigan,MI,1968,8696
Minnesota,MN,1968,3703
Missouri,MO,1968,4568
Mississippi,MS,1968,2219
Montana,MT,1968,700
North Carolina,NC,1968,5004
North Dakota,ND,1968,621
Nebraska,NE,1968,1467
New Hampshire,NH,1968,709
New Jersey,NJ,1968,7005
New Mexico,NM,1968,994
Nevada,NV,1968,464
New York,NY,1968,18051
Ohio,OH,1968,10516
Oklahoma,OK,1968,2503
Oregon,OR,1968,2004
Pennsylvania,PA,1968,11741
Rhode Island,RI,1968,922
South Carolina,SC,1968,2559
South Dakota,SD,1968,669
Tennessee,TN,1968,3878
Texas,TX,1968,10819
Utah,UT,1968,1029
Virginia,VA,1968,4558
Vermont,VT,1968,430
Washington,WA,1968,3270
Wisconsin,WI,1968,4345
West Virginia,WV,1968,1763
Wyoming,WY,1968,324
United States,US,1968,200706
Alaska,AK,1969,296
Alabama,AL,1969,3440
Arkansas,AR,1969,1913
Arizona,AZ,1969,1737
California,CA,1969,19711
Colorado,CO,1969,2166
Connecticut,CT,1969,3000
District of Columbia,DC,1969,762
Delaware,DE,1969,540
Florida,FL,1969,6641
Georgia,GA,1969,4551
Hawaii,HI,1969,750
Iowa,IA,1969,2805
Idaho,ID,1969,707
Illinois,IL,1969,11039
Indiana,IN,1969,5143
Kansas,KS,1969,2236
Kentucky,KY,1969,3198
Louisiana,LA,1969,3619
Massachusetts,MA,1969,5650
Maryland,MD,1969,3868
Maine,ME,1969,992
Michigan,MI,1969,8781
Minnesota,MN,1969,3758
Missouri,MO,1969,4640
Mississippi,MS,1969,2220
Montana,MT,1969,694
North Carolina,NC,1969,5031
North Dakota,ND,1969,621
Nebraska,NE,1969,1474
New Hampshire,NH,1969,724
New Jersey,NJ,1969,7095
New Mexico,NM,1969,1011
Nevada,NV,1969,480
New York,NY,1969,18105
Ohio,OH,1969,10563
Oklahoma,OK,1969,2535
Oregon,OR,1969,2062
Pennsylvania,PA,1969,11741
Rhode Island,RI,1969,932
South Carolina,SC,1969,2570
South Dakota,SD,1969,668
Tennessee,TN,1969,3897
Texas,TX,1969,11045
Utah,UT,1969,1047
Virginia,VA,1969,4614
Vermont,VT,1969,437
Washington,WA,1969,3343
Wisconsin,WI,1969,4378
West Virginia,WV,1969,1746
Wyoming,WY,1969,329
United States,US,1969,202677
Alaska,AK,1970,304
Alabama,AL,1970,3451
Arkansas,AR,1970,1932
Arizona,AZ,1970,1792
California,CA,1970,20007
Colorado,CO,1970,2223
Connecticut,CT,1970,3041
District of Columbia,DC,1970,756
Delaware,DE,1970,551
Florida,FL,1970,6848
Georgia,GA,1970,4607
Hawaii,HI,1970,774
Iowa,IA,1970,2832
Idaho,ID,1970,718
Illinois,IL,1970,11128
Indiana,IN,1970,5202
Kansas,KS,1970,2249
Kentucky,KY,1970,3231
Louisiana,LA,1970,3652
Massachusetts,MA,1970,5706
Maryland,MD,1970,3938
Maine,ME,1970,997
Michigan,MI,1970,8890
Minnesota,MN,1970,3815
Missouri,MO,1970,4688
Mississippi,MS,1970,2220
Montana,MT,1970,698
North Carolina,NC,1970,5098
North Dakota,ND,1970,620
Nebraska,NE,1970,1488
New Hampshire,NH,1970,742
New Jersey,NJ,1970,7193
New Mexico,NM,1970,1023
Nevada,NV,1970,493
New York,NY,1970,18268
Ohio,OH,1970,10664
Oklahoma,OK,1970,2567
Oregon,OR,1970,2101
Pennsylvania,PA,1970,11813
Rhode Island,RI,1970,951
South Carolina,SC,1970,2597
South Dakota,SD,1970,668
Tennessee,TN,1970,3937
Texas,TX,1970,11236
Utah,UT,1970,1066
Virginia,VA,1970,4659
Vermont,VT,1970,446
Washington,WA,1970,3413
Wisconsin,WI,1970,4429
West Virginia,WV,1970,1751
Wyoming,WY,1970,334
United States,US,1970,205052
Alaska,AK,1971,316
Alabama,AL,1971,3497
Arkansas,AR,1971,1972
Arizona,AZ,1971,1896
California,CA,1971,20346
Colorado,CO,1971,2304
Connecticut,CT,1971,3061
District of Columbia,DC,1971,750
Delaware,DE,1971,565
Florida,FL,1971,7158
Georgia,GA,1971,4712
Hawaii,HI,1971,802
Iowa,IA,1971,2852
Idaho,ID,1971,739
Illinois,IL,1971,11202
Indiana,IN,1971,5253
Kansas,KS,1971,2247
Kentucky,KY,1971,3298
Louisiana,LA,1971,3710
Massachusetts,MA,1971,5738
Maryland,MD,1971,4018
Maine,ME,1971,1015
Michigan,MI,1971,8974
Minnesota,MN,1971,3853
Missouri,MO,1971,4726
Mississippi,MS,1971,2265
Montana,MT,1971,711
North Carolina,NC,1971,5204
North Dakota,ND,1971,627
Nebraska,NE,1971,1505
New Hampshire,NH,1971,762
New Jersey,NJ,1971,7281
New Mexico,NM,1971,1054
Nevada,NV,1971,520
New York,NY,1971,18358
Ohio,OH,1971,10735
Oklahoma,OK,1971,2619
Oregon,OR,1971,2151
Pennsylvania,PA,1971,11886
Rhode Island,RI,1971,963
South Carolina,SC,1971,2662
South Dakota,SD,1971,671
Tennessee,TN,1971,4014
Texas,TX,1971,11510
Utah,UT,1971,1101
Virginia,VA,1971,4751
Vermont,VT,1971,454
Washington,WA,1971,3448
Wisconsin,WI,1971,4462
West Virginia,WV,1971,1771
Wyoming,WY,1971,340
United States,US,1971,207661
Alaska,AK,1972,324
Alabama,AL,1972,3539
Arkansas,AR,1972,2019
Arizona,AZ,1972,2008
California,CA,1972,20585
Colorado,CO,1972,2405
Connecticut,CT,1972,3069
District of Columbia,DC,1972,742
Delaware,DE,1972,573
Florida,FL,1972,7511
Georgia,GA,1972,4809
Hawaii,HI,1972,828
Iowa,IA,1972,2860
Idaho,ID,1972,763
Illinois,IL,1972,11252
Indiana,IN,1972,5302
Kansas,KS,1972,2256
Kentucky,KY,1972,3336
Louisiana,LA,1972,3762
Massachusetts,MA,1972,5760
Maryland,MD,1972,4073
Maine,ME,1972,1034
Michigan,MI,1972,9029
Minnesota,MN,1972,3870
Missouri,MO,1972,4759
Mississippi,MS,1972,2307
Montana,MT,1972,719
North Carolina,NC,1972,5301
North Dakota,ND,1972,631
Nebraska,NE,1972,1519
New Hampshire,NH,1972,781
New Jersey,NJ,1972,7335
New Mexico,NM,1972,1079
Nevada,NV,1972,547
New York,NY,1972,18339
Ohio,OH,1972,10747
Oklahoma,OK,1972,2659
Oregon,OR,1972,2197
Pennsylvania,PA,1972,11908
Rhode Island,RI,1972,975
South Carolina,SC,1972,2719
South Dakota,SD,1972,677
Tennessee,TN,1972,4095
Texas,TX,1972,11759
Utah,UT,1972,1135
Virginia,VA,1972,4824
Vermont,VT,1972,463
Washington,WA,1972,3448
Wisconsin,WI,1972,4502
West Virginia,WV,1972,1798
Wyoming,WY,1972,347
United States,US,1972,209896
Alaska,AK,1973,331
Alabama,AL,1973,3580
Arkansas,AR,1973,2059
Arizona,AZ,1973,2124
California,CA,1973,20869
Colorado,CO,1973,2496
Connecticut,CT,1973,3068
District of Columbia,DC,1973,731
Delaware,DE,1973,578
Florida,FL,1973,7914
Georgia,GA,1973,4910
Hawaii,HI,1973,852
Iowa,IA,1973,2864
Idaho,ID,1973,782
Illinois,IL,1973,11251
Indiana,IN,1973,5338
Kansas,KS,1973,2266
Kentucky,KY,1973,3371
Louisiana,LA,1973,3788
Massachusetts,MA,1973,5781
Maryland,MD,1973,4098
Maine,ME,1973,1046
Michigan,MI,1973,9078
Minnesota,MN,1973,3889
Missouri,MO,1973,4783
Mississippi,MS,1973,2350
Montana,MT,1973,727
North Carolina,NC,1973,5390
North Dakota,ND,1973,633
Nebraska,NE,1973,1530
New Hampshire,NH,1973,801
New Jersey,NJ,1973,7333
New Mexico,NM,1973,1106
Nevada,NV,1973,569
New York,NY,1973,18177
Ohio,OH,1973,10767
Oklahoma,OK,1973,2696
Oregon,OR,1973,2242
Pennsylvania,PA,1973,11891
Rhode Island,RI,1973,976
South Carolina,SC,1973,2777
South Dakota,SD,1973,679
Tennessee,TN,1973,4147
Texas,TX,1973,12020
Utah,UT,1973,1170
Virginia,VA,1973,4901
Vermont,VT,1973,468
Washington,WA,1973,3479
Wisconsin,WI,1973,4524
West Virginia,WV,1973,1806
Wyoming,WY,1973,354
United States,US,1973,211909
Alaska,AK,1974,341
Alabama,AL,1974,3626
Arkansas,AR,1974,2101
Arizona,AZ,1974,2223
California,CA,1974,21174
Colorado,CO,1974,2541
Connecticut,CT,1974,3074
District of Columbia,DC,1974,718
Delaware,DE,1974,581
Florida,FL,1974,8299
Georgia,GA,1974,4999
Hawaii,HI,1974,868
Iowa,IA,1974,2868
Idaho,ID,1974,808
Illinois,IL,1974,11262
Indiana,IN,1974,5362
Kansas,KS,1974,2269
Kentucky,KY,1974,3416
Louisiana,LA,1974,3820
Massachusetts,MA,1974,5774
Maryland,MD,1974,4119
Maine,ME,1974,1059
Michigan,MI,1974,9118
Minnesota,MN,1974,3904
Missouri,MO,1974,4796
Mississippi,MS,1974,2378
Montana,MT,1974,736
North Carolina,NC,1974,5471
North Dakota,ND,1974,635
Nebraska,NE,1974,1539
New Hampshire,NH,1974,816
New Jersey,NJ,1974,7332
New Mexico,NM,1974,1131
Nevada,NV,1974,597
New York,NY,1974,18050
Ohio,OH,1974,10766
Oklahoma,OK,1974,2735
Oregon,OR,1974,2285
Pennsylvania,PA,1974,11871
Rhode Island,RI,1974,951
South Carolina,SC,1974,2845
South Dakota,SD,1974,680
Tennessee,TN,1974,4214
Texas,TX,1974,12269
Utah,UT,1974,1200
Virginia,VA,1974,4971
Vermont,VT,1974,473
Washington,WA,1974,3550
Wisconsin,WI,1974,4546
West Virginia,WV,1974,1815
Wyoming,WY,1974,366
United States,US,1974,213854
Alaska,AK,1975,376
Alabama,AL,1975,3679
Arkansas,AR,1975,2160
Arizona,AZ,1975,2285
California,CA,1975,21538
Colorado,CO,1975,2586
Connecticut,CT,1975,3082
District of Columbia,DC,1975,707
Delaware,DE,1975,587
Florida,FL,1975,8518
Georgia,GA,1975,5064
Hawaii,HI,1975,886
Iowa,IA,1975,2881
Idaho,ID,1975,832
Illinois,IL,1975,11292
Indiana,IN,1975,5366
Kansas,KS,1975,2281
Kentucky,KY,1975,3468
Louisiana,LA,1975,3886
Massachusetts,MA,1975,5758
Maryland,MD,1975,4139
Maine,ME,1975,1072
Michigan,MI,1975,9118
Minnesota,MN,1975,3933
Missouri,MO,1975,4808
Mississippi,MS,1975,2399
Montana,MT,1975,748
North Carolina,NC,1975,5547
North Dakota,ND,1975,639
Nebraska,NE,1975,1543
New Hampshire,NH,1975,829
New Jersey,NJ,1975,7338
New Mexico,NM,1975,1160
Nevada,NV,1975,620
New York,NY,1975,18003
Ohio,OH,1975,10770
Oklahoma,OK,1975,2775
Oregon,OR,1975,2330
Pennsylvania,PA,1975,11906
Rhode Island,RI,1975,943
South Carolina,SC,1975,2902
South Dakota,SD,1975,681
Tennessee,TN,1975,4276
Texas,TX,1975,12569
Utah,UT,1975,1236
Virginia,VA,1975,5047
Vermont,VT,1975,480
Washington,WA,1975,3621
Wisconsin,WI,1975,4579
West Virginia,WV,1975,1842
Wyoming,WY,1975,382
United States,US,1975,215973
Alaska,AK,1976,401
Alabama,AL,1976,3735
Arkansas,AR,1976,2170
Arizona,AZ,1976,2346
California,CA,1976,21936
Colorado,CO,1976,2632
Connecticut,CT,1976,3083
District of Columbia,DC,1976,692
Delaware,DE,1976,590
Florida,FL,1976,8667
Georgia,GA,1976,5133
Hawaii,HI,1976,904
Iowa,IA,1976,2903
Idaho,ID,1976,857
Illinois,IL,1976,11343
Indiana,IN,1976,5389
Kansas,KS,1976,2301
Kentucky,KY,1976,3529
Louisiana,LA,1976,3951
Massachusetts,MA,1976,5744
Maryland,MD,1976,4151
Maine,ME,1976,1088
Michigan,MI,1976,9129
Minnesota,MN,1976,3965
Missouri,MO,1976,4839
Mississippi,MS,1976,2430
Montana,MT,1976,757
North Carolina,NC,1976,5608
North Dakota,ND,1976,646
Nebraska,NE,1976,1551
New Hampshire,NH,1976,845
New Jersey,NJ,1976,7340
New Mexico,NM,1976,1189
Nevada,NV,1976,647
New York,NY,1976,17941
Ohio,OH,1976,10753
Oklahoma,OK,1976,2827
Oregon,OR,1976,2378
Pennsylvania,PA,1976,11897
Rhode Island,RI,1976,946
South Carolina,SC,1976,2944
South Dakota,SD,1976,686
Tennessee,TN,1976,4347
Texas,TX,1976,12904
Utah,UT,1976,1275
Virginia,VA,1976,5122
Vermont,VT,1976,485
Washington,WA,1976,3694
Wisconsin,WI,1976,4596
West Virginia,WV,1976,1880
Wyoming,WY,1976,397
United States,US,1976,218035
Alaska,AK,1977,403
Alabama,AL,1977,3780
Arkansas,AR,1977,2209
Arizona,AZ,1977,2425
California,CA,1977,22352
Colorado,CO,1977,2696
Connecticut,CT,1977,3086
District of Columbia,DC,1977,677
Delaware,DE,1977,592
Florida,FL,1977,8856
Georgia,GA,1977,5220
Hawaii,HI,1977,918
Iowa,IA,1977,2914
Idaho,ID,1977,883
Illinois,IL,1977,11386
Indiana,IN,1977,5426
Kansas,KS,1977,2321
Kentucky,KY,1977,3574
Louisiana,LA,1977,4014
Massachusetts,MA,1977,5738
Maryland,MD,1977,4170
Maine,ME,1977,1104
Michigan,MI,1977,9171
Minnesota,MN,1977,3989
Missouri,MO,1977,4863
Mississippi,MS,1977,2459
Montana,MT,1977,770
North Carolina,NC,1977,5686
North Dakota,ND,1977,650
Nebraska,NE,1977,1557
New Hampshire,NH,1977,870
New Jersey,NJ,1977,7337
New Mexico,NM,1977,1216
Nevada,NV,1977,678
New York,NY,1977,17813
Ohio,OH,1977,10771
Oklahoma,OK,1977,2870
Oregon,OR,1977,2447
Pennsylvania,PA,1977,11894
Rhode Island,RI,1977,950
South Carolina,SC,1977,2992
South Dakota,SD,1977,688
Tennessee,TN,1977,4423
Texas,TX,1977,13193
Utah,UT,1977,1320
Virginia,VA,1977,5193
Vermont,VT,1977,492
Washington,WA,1977,3776
Wisconsin,WI,1977,4627
West Virginia,WV,1977,1908
Wyoming,WY,1977,413
United States,US,1977,220239
Alaska,AK,1978,405
Alabama,AL,1978,3832
Arkansas,AR,1978,2243
Arizona,AZ,1978,2515
California,CA,1978,22836
Colorado,CO,1978,2767
Connecticut,CT,1978,3092
District of Columbia,DC,1978,665
Delaware,DE,1978,595
Florida,FL,1978,9102
Georgia,GA,1978,5296
Hawaii,HI,1978,932
Iowa,IA,1978,2918
Idaho,ID,1978,911
Illinois,IL,1978,11413
Indiana,IN,1978,5470
Kansas,KS,1978,2336
Kentucky,KY,1978,3610
Louisiana,LA,1978,4069
Massachusetts,MA,1978,5736
Maryland,MD,1978,4184
Maine,ME,1978,1114
Michigan,MI,1978,9218
Minnesota,MN,1978,4015
Missouri,MO,1978,4889
Mississippi,MS,1978,2488
Montana,MT,1978,782
North Carolina,NC,1978,5759
North Dakota,ND,1978,651
Nebraska,NE,1978,1564
New Hampshire,NH,1978,892
New Jersey,NJ,1978,7351
New Mexico,NM,1978,1238
Nevada,NV,1978,719
New York,NY,1978,17681
Ohio,OH,1978,10796
Oklahoma,OK,1978,2917
Oregon,OR,1978,2518
Pennsylvania,PA,1978,11879
Rhode Island,RI,1978,952
South Carolina,SC,1978,3044
South Dakota,SD,1978,689
Tennessee,TN,1978,4486
Texas,TX,1978,13500
Utah,UT,1978,1368
Virginia,VA,1978,5270
Vermont,VT,1978,498
Washington,WA,1978,3889
Wisconsin,WI,1978,4646
West Virginia,WV,1978,1923
Wyoming,WY,1978,433
United States,US,1978,222585
Alaska,AK,1979,403
Alabama,AL,1979,3866
Arkansas,AR,1979,2271
Arizona,AZ,1979,2636
California,CA,1979,23257
Colorado,CO,1979,2849
Connecticut,CT,1979,3096
District of Columbia,DC,1979,650
Delaware,DE,1979,595
Florida,FL,1979,9426
Georgia,GA,1979,5401
Hawaii,HI,1979,953
Iowa,IA,1979,2916
Idaho,ID,1979,933
Illinois,IL,1979,11397
Indiana,IN,1979,5501
Kansas,KS,1979,2351
Kentucky,KY,1979,3642
Louisiana,LA,1979,4138
Massachusetts,MA,1979,5738
Maryland,MD,1979,4191
Maine,ME,1979,1123
Michigan,MI,1979,9266
Minnesota,MN,1979,4050
Missouri,MO,1979,4912
Mississippi,MS,1979,2507
Montana,MT,1979,787
North Carolina,NC,1979,5823
North Dakota,ND,1979,653
Nebraska,NE,1979,1567
New Hampshire,NH,1979,909
New Jersey,NJ,1979,7367
New Mexico,NM,1979,1285
Nevada,NV,1979,765
New York,NY,1979,17584
Ohio,OH,1979,10798
Oklahoma,OK,1979,2975
Oregon,OR,1979,2588
Pennsylvania,PA,1979,11888
Rhode Island,RI,1979,950
South Carolina,SC,1979,3090
South Dakota,SD,1979,688
Tennessee,TN,1979,4560
Texas,TX,1979,13888
Utah,UT,1979,1420
Virginia,VA,1979,5308
Vermont,VT,1979,505
Washington,WA,1979,4018
Wisconsin,WI,1979,4683
West Virginia,WV,1979,1942
Wyoming,WY,1979,454
United States,US,1979,225055
Alaska,AK,1980,405
Alabama,AL,1980,3900
Arkansas,AR,1980,2289
Arizona,AZ,1980,2738
California,CA,1980,23801
Colorado,CO,1980,2909
Connecticut,CT,1980,3113
District of Columbia,DC,1980,638
Delaware,DE,1980,595
Florida,FL,1980,9840
Georgia,GA,1980,5486
Hawaii,HI,1980,968
Iowa,IA,1980,2914
Idaho,ID,1980,948
Illinois,IL,1980,11435
Indiana,IN,1980,5491
Kansas,KS,1980,2369
Kentucky,KY,1980,3664
Louisiana,LA,1980,4223
Massachusetts,MA,1980,5746
Maryland,MD,1980,4228
Maine,ME,1980,1127
Michigan,MI,1980,9256
Minnesota,MN,1980,4085
Missouri,MO,1980,4922
Mississippi,MS,1980,2525
Montana,MT,1980,789
North Carolina,NC,1980,5899
North Dakota,ND,1980,654
Nebraska,NE,1980,1572
New Hampshire,NH,1980,924
New Jersey,NJ,1980,7376
New Mexico,NM,1980,1309
Nevada,NV,1980,810
New York,NY,1980,17567
Ohio,OH,1980,10801
Oklahoma,OK,1980,3041
Oregon,OR,1980,2641
Pennsylvania,PA,1980,11868
Rhode Island,RI,1980,949
South Carolina,SC,1980,3135
South Dakota,SD,1980,691
Tennessee,TN,1980,4600
Texas,TX,1980,14338
Utah,UT,1980,1473
Virginia,VA,1980,5368
Vermont,VT,1980,513
Washington,WA,1980,4155
Wisconsin,WI,1980,4712
West Virginia,WV,1980,1951
Wyoming,WY,1980,474
United States,US,1980,227225
Alaska,AK,1981,418
Alabama,AL,1981,3919
Arkansas,AR,1981,2293
Arizona,AZ,1981,2810
California,CA,1981,24286
Colorado,CO,1981,2978
Connecticut,CT,1981,3129
District of Columbia,DC,1981,637
Delaware,DE,1981,596
Florida,FL,1981,10193
Georgia,GA,1981,5568
Hawaii,HI,1981,978
Iowa,IA,1981,2908
Idaho,ID,1981,962
Illinois,IL,1981,11443
Indiana,IN,1981,5480
Kansas,KS,1981,2385
Kentucky,KY,1981,3670
Louisiana,LA,1981,4283
Massachusetts,MA,1981,5769
Maryland,MD,1981,4262
Maine,ME,1981,1133
Michigan,MI,1981,9209
Minnesota,MN,1981,4112
Missouri,MO,1981,4932
Mississippi,MS,1981,2539
Montana,MT,1981,795
North Carolina,NC,1981,5957
North Dakota,ND,1981,660
Nebraska,NE,1981,1579
New Hampshire,NH,1981,937
New Jersey,NJ,1981,7407
New Mexico,NM,1981,1333
Nevada,NV,1981,848
New York,NY,1981,17568
Ohio,OH,1981,10788
Oklahoma,OK,1981,3096
Oregon,OR,1981,2668
Pennsylvania,PA,1981,11859
Rhode Island,RI,1981,953
South Carolina,SC,1981,3179
South Dakota,SD,1981,690
Tennessee,TN,1981,4628
Texas,TX,1981,14746
Utah,UT,1981,1515
Virginia,VA,1981,5444
Vermont,VT,1981,516
Washington,WA,1981,4236
Wisconsin,WI,1981,4726
West Virginia,WV,1981,1954
Wyoming,WY,1981,492
United States,US,1981,229466
Alaska,AK,1982,450
Alabama,AL,1982,3925
Arkansas,AR,1982,2294
Arizona,AZ,1982,2890
California,CA,1982,24820
Colorado,CO,1982,3062
Connecticut,CT,1982,3139
District of Columbia,DC,1982,634
Delaware,DE,1982,599
Florida,FL,1982,10471
Georgia,GA,1982,5650
Hawaii,HI,1982,994
Iowa,IA,1982,2888
Idaho,ID,1982,974
Illinois,IL,1982,11423
Indiana,IN,1982,5468
Kansas,KS,1982,2401
Kentucky,KY,1982,3683
Louisiana,LA,1982,4353
Massachusetts,MA,1982,5771
Maryland,MD,1982,4283
Maine,ME,1982,1137
Michigan,MI,1982,9115
Minnesota,MN,1982,4131
Missouri,MO,1982,4929
Mississippi,MS,1982,2557
Montana,MT,1982,804
North Carolina,NC,1982,6019
North Dakota,ND,1982,669
Nebraska,NE,1982,1582
New Hampshire,NH,1982,948
New Jersey,NJ,1982,7431
New Mexico,NM,1982,1364
Nevada,NV,1982,882
New York,NY,1982,17590
Ohio,OH,1982,10757
Oklahoma,OK,1982,3206
Oregon,OR,1982,2665
Pennsylvania,PA,1982,11845
Rhode Island,RI,1982,954
South Carolina,SC,1982,3208
South Dakota,SD,1982,691
Tennessee,TN,1982,4646
Texas,TX,1982,15331
Utah,UT,1982,1558
Virginia,VA,1982,5493
Vermont,VT,1982,519
Washington,WA,1982,4277
Wisconsin,WI,1982,4729
West Virginia,WV,1982,1950
Wyoming,WY,1982,506
United States,US,1982,231664
Alaska,AK,1983,488
Alabama,AL,1983,3934
Arkansas,AR,1983,2306
Arizona,AZ,1983,2969
California,CA,1983,25360
Colorado,CO,1983,3134
Connecticut,CT,1983,3162
District of Columbia,DC,1983,632
Delaware,DE,1983,605
Florida,FL,1983,10750
Georgia,GA,1983,5728
Hawaii,HI,1983,1013
Iowa,IA,1983,2871
Idaho,ID,1983,982
Illinois,IL,1983,11409
Indiana,IN,1983,5450
Kansas,KS,1983,2416
Kentucky,KY,1983,3694
Louisiana,LA,1983,4395
Massachusetts,MA,1983,5799
Maryland,MD,1983,4313
Maine,ME,1983,1145
Michigan,MI,1983,9048
Minnesota,MN,1983,4141
Missouri,MO,1983,4944
Mississippi,MS,1983,2568
Montana,MT,1983,814
North Carolina,NC,1983,6077
North Dakota,ND,1983,677
Nebraska,NE,1983,1584
New Hampshire,NH,1983,958
New Jersey,NJ,1983,7468
New Mexico,NM,1983,1394
Nevada,NV,1983,902
New York,NY,1983,17687
Ohio,OH,1983,10738
Oklahoma,OK,1983,3290
Oregon,OR,1983,2653
Pennsylvania,PA,1983,11838
Rhode Island,RI,1983,956
South Carolina,SC,1983,3234
South Dakota,SD,1983,693
Tennessee,TN,1983,4660
Texas,TX,1983,15752
Utah,UT,1983,1595
Virginia,VA,1983,5565
Vermont,VT,1983,523
Washington,WA,1983,4300
Wisconsin,WI,1983,4721
West Virginia,WV,1983,1945
Wyoming,WY,1983,510
United States,US,1983,233792
Alaska,AK,1984,514
Alabama,AL,1984,3952
Arkansas,AR,1984,2320
Arizona,AZ,1984,3067
California,CA,1984,25844
Colorado,CO,1984,3170
Connecticut,CT,1984,3180
District of Columbia,DC,1984,633
Delaware,DE,1984,612
Florida,FL,1984,11040
Georgia,GA,1984,5835
Hawaii,HI,1984,1028
Iowa,IA,1984,2859
Idaho,ID,1984,991
Illinois,IL,1984,11412
Indiana,IN,1984,5458
Kansas,KS,1984,2424
Kentucky,KY,1984,3695
Louisiana,LA,1984,4400
Massachusetts,MA,1984,5841
Maryland,MD,1984,4365
Maine,ME,1984,1156
Michigan,MI,1984,9049
Minnesota,MN,1984,4158
Missouri,MO,1984,4975
Mississippi,MS,1984,2578
Montana,MT,1984,821
North Carolina,NC,1984,6164
North Dakota,ND,1984,680
Nebraska,NE,1984,1589
New Hampshire,NH,1984,977
New Jersey,NJ,1984,7515
New Mexico,NM,1984,1417
Nevada,NV,1984,925
New York,NY,1984,17746
Ohio,OH,1984,10738
Oklahoma,OK,1984,3286
Oregon,OR,1984,2667
Pennsylvania,PA,1984,11815
Rhode Island,RI,1984,962
South Carolina,SC,1984,3272
South Dakota,SD,1984,697
Tennessee,TN,1984,4687
Texas,TX,1984,16007
Utah,UT,1984,1622
Virginia,VA,1984,5644
Vermont,VT,1984,527
Washington,WA,1984,4344
Wisconsin,WI,1984,4736
West Virginia,WV,1984,1928
Wyoming,WY,1984,505
United States,US,1984,235825
Alaska,AK,1985,532
Alabama,AL,1985,3973
Arkansas,AR,1985,2327
Arizona,AZ,1985,3184
California,CA,1985,26441
Colorado,CO,1985,3209
Connecticut,CT,1985,3201
District of Columbia,DC,1985,635
Delaware,DE,1985,618
Florida,FL,1985,11351
Georgia,GA,1985,5963
Hawaii,HI,1985,1040
Iowa,IA,1985,2830
Idaho,ID,1985,994
Illinois,IL,1985,11400
Indiana,IN,1985,5459
Kansas,KS,1985,2427
Kentucky,KY,1985,3695
Louisiana,LA,1985,4408
Massachusetts,MA,1985,5881
Maryland,MD,1985,4413
Maine,ME,1985,1163
Michigan,MI,1985,9076
Minnesota,MN,1985,4184
Missouri,MO,1985,5000
Mississippi,MS,1985,2588
Montana,MT,1985,822
North Carolina,NC,1985,6254
North Dakota,ND,1985,677
Nebraska,NE,1985,1585
New Hampshire,NH,1985,997
New Jersey,NJ,1985,7566
New Mexico,NM,1985,1438
Nevada,NV,1985,951
New York,NY,1985,17792
Ohio,OH,1985,10735
Oklahoma,OK,1985,3271
Oregon,OR,1985,2673
Pennsylvania,PA,1985,11771
Rhode Island,RI,1985,969
South Carolina,SC,1985,3303
South Dakota,SD,1985,698
Tennessee,TN,1985,4715
Texas,TX,1985,16273
Utah,UT,1985,1643
Virginia,VA,1985,5715
Vermont,VT,1985,530
Washington,WA,1985,4400
Wisconsin,WI,1985,4748
West Virginia,WV,1985,1907
Wyoming,WY,1985,500
United States,US,1985,237924
Alaska,AK,1986,544
Alabama,AL,1986,3992
Arkansas,AR,1986,2332
Arizona,AZ,1986,3308
California,CA,1986,27102
Colorado,CO,1986,3237
Connecticut,CT,1986,3224
District of Columbia,DC,1986,638
Delaware,DE,1986,628
Florida,FL,1986,11668
Georgia,GA,1986,6085
Hawaii,HI,1986,1052
Iowa,IA,1986,2792
Idaho,ID,1986,990
Illinois,IL,1986,11387
Indiana,IN,1986,5454
Kansas,KS,1986,2433
Kentucky,KY,1986,3688
Louisiana,LA,1986,4407
Massachusetts,MA,1986,5903
Maryland,MD,1986,4487
Maine,ME,1986,1170
Michigan,MI,1986,9128
Minnesota,MN,1986,4205
Missouri,MO,1986,5023
Mississippi,MS,1986,2594
Montana,MT,1986,814
North Carolina,NC,1986,6322
North Dakota,ND,1986,670
Nebraska,NE,1986,1574
New Hampshire,NH,1986,1025
New Jersey,NJ,1986,7622
New Mexico,NM,1986,1463
Nevada,NV,1986,981
New York,NY,1986,17833
Ohio,OH,1986,10730
Oklahoma,OK,1986,3253
Oregon,OR,1986,2684
Pennsylvania,PA,1986,11783
Rhode Island,RI,1986,977
South Carolina,SC,1986,3343
South Dakota,SD,1986,696
Tennessee,TN,1986,4739
Texas,TX,1986,16561
Utah,UT,1986,1663
Virginia,VA,1986,5812
Vermont,VT,1986,534
Washington,WA,1986,4453
Wisconsin,WI,1986,4756
West Virginia,WV,1986,1882
Wyoming,WY,1986,496
United States,US,1986,240133
Alaska,AK,1987,539
Alabama,AL,1987,4015
Arkansas,AR,1987,2342
Arizona,AZ,1987,3437
California,CA,1987,27777
Colorado,CO,1987,3260
Connecticut,CT,1987,3247
District of Columbia,DC,1987,637
Delaware,DE,1987,637
Florida,FL,1987,11997
Georgia,GA,1987,6208
Hawaii,HI,1987,1068
Iowa,IA,1987,2767
Idaho,ID,1987,985
Illinois,IL,1987,11391
Indiana,IN,1987,5473
Kansas,KS,1987,2445
Kentucky,KY,1987,3683
Louisiana,LA,1987,4344
Massachusetts,MA,1987,5935
Maryland,MD,1987,4566
Maine,ME,1987,1185
Michigan,MI,1987,9187
Minnesota,MN,1987,4235
Missouri,MO,1987,5057
Mississippi,MS,1987,2589
Montana,MT,1987,805
North Carolina,NC,1987,6404
North Dakota,ND,1987,661
Nebraska,NE,1987,1567
New Hampshire,NH,1987,1054
New Jersey,NJ,1987,7671
New Mexico,NM,1987,1479
Nevada,NV,1987,1023
New York,NY,1987,17869
Ohio,OH,1987,10760
Oklahoma,OK,1987,3210
Oregon,OR,1987,2701
Pennsylvania,PA,1987,11811
Rhode Island,RI,1987,990
South Carolina,SC,1987,3381
South Dakota,SD,1987,696
Tennessee,TN,1987,4783
Texas,TX,1987,16622
Utah,UT,1987,1678
Virginia,VA,1987,5932
Vermont,VT,1987,540
Washington,WA,1987,4532
Wisconsin,WI,1987,4778
West Virginia,WV,1987,1858
Wyoming,WY,1987,477
United States,US,1987,242289
Alaska,AK,1988,542
Alabama,AL,1988,4024
Arkansas,AR,1988,2343
Arizona,AZ,1988,3535
California,CA,1988,28464
Colorado,CO,1988,3262
Connecticut,CT,1988,3272
District of Columbia,DC,1988,630
Delaware,DE,1988,648
Florida,FL,1988,12306
Georgia,GA,1988,6316
Hawaii,HI,1988,1080
Iowa,IA,1988,2768
Idaho,ID,1988,986
Illinois,IL,1988,11390
Indiana,IN,1988,5492
Kansas,KS,1988,2462
Kentucky,KY,1988,3680
Louisiana,LA,1988,4289
Massachusetts,MA,1988,5980
Maryland,MD,1988,4658
Maine,ME,1988,1204
Michigan,MI,1988,9218
Minnesota,MN,1988,4296
Missouri,MO,1988,5082
Mississippi,MS,1988,2580
Montana,MT,1988,800
North Carolina,NC,1988,6481
North Dakota,ND,1988,655
Nebraska,NE,1988,1571
New Hampshire,NH,1988,1083
New Jersey,NJ,1988,7712
New Mexico,NM,1988,1490
Nevada,NV,1988,1075
New York,NY,1988,17941
Ohio,OH,1988,10799
Oklahoma,OK,1988,3167
Oregon,OR,1988,2741
Pennsylvania,PA,1988,11846
Rhode Island,RI,1988,996
South Carolina,SC,1988,3412
South Dakota,SD,1988,698
Tennessee,TN,1988,4822
Texas,TX,1988,16667
Utah,UT,1988,1689
Virginia,VA,1988,6037
Vermont,VT,1988,550
Washington,WA,1988,4640
Wisconsin,WI,1988,4822
West Virginia,WV,1988,1830
Wyoming,WY,1988,465
United States,US,1988,244499
Alaska,AK,1989,547
Alabama,AL,1989,4030
Arkansas,AR,1989,2346
Arizona,AZ,1989,3622
California,CA,1989,29218
Colorado,CO,1989,3276
Connecticut,CT,1989,3283
District of Columbia,DC,1989,624
Delaware,DE,1989,658
Florida,FL,1989,12638
Georgia,GA,1989,6411
Hawaii,HI,1989,1095
Iowa,IA,1989,2771
Idaho,ID,1989,994
Illinois,IL,1989,11410
Indiana,IN,1989,5524
Kansas,KS,1989,2473
Kentucky,KY,1989,3677
Louisiana,LA,1989,4253
Massachusetts,MA,1989,6015
Maryland,MD,1989,4727
Maine,ME,1989,1220
Michigan,MI,1989,9253
Minnesota,MN,1989,4338
Missouri,MO,1989,5096
Mississippi,MS,1989,2574
Montana,MT,1989,800
North Carolina,NC,1989,6565
North Dakota,ND,1989,646
Nebraska,NE,1989,1575
New Hampshire,NH,1989,1105
New Jersey,NJ,1989,7726
New Mexico,NM,1989,1504
Nevada,NV,1989,1137
New York,NY,1989,17983
Ohio,OH,1989,10829
Oklahoma,OK,1989,3150
Oregon,OR,1989,2791
Pennsylvania,PA,1989,11866
Rhode Island,RI,1989,1001
South Carolina,SC,1989,3457
South Dakota,SD,1989,697
Tennessee,TN,1989,4854
Texas,TX,1989,16807
Utah,UT,1989,1706
Virginia,VA,1989,6120
Vermont,VT,1989,558
Washington,WA,1989,4746
Wisconsin,WI,1989,4857
West Virginia,WV,1989,1807
Wyoming,WY,1989,458
United States,US,1989,246819
Alaska,AK,1990,553
Alabama,AL,1990,4050
Arkansas,AR,1990,2357
Arizona,AZ,1990,3684
California,CA,1990,29960
Colorado,CO,1990,3308
Connecticut,CT,1990,3292
District of Columbia,DC,1990,605
Delaware,DE,1990,670
Florida,FL,1990,13033
Georgia,GA,1990,6513
Hawaii,HI,1990,1113
Iowa,IA,1990,2781
Idaho,ID,1990,1012
Illinois,IL,1990,11453
Indiana,IN,1990,5558
Kansas,KS,1990,2481
Kentucky,KY,1990,3694
Louisiana,LA,1990,4222
Massachusetts,MA,1990,6023
Maryland,MD,1990,4800
Maine,ME,1990,1232
Michigan,MI,1990,9311
Minnesota,MN,1990,4390
Missouri,MO,1990,5129
Mississippi,MS,1990,2579
Montana,MT,1990,800
North Carolina,NC,1990,6664
North Dakota,ND,1990,638
Nebraska,NE,1990,1582
New Hampshire,NH,1990,1112
New Jersey,NJ,1990,7763
New Mexico,NM,1990,1522
Nevada,NV,1990,1221
New York,NY,1990,18021
Ohio,OH,1990,10864
Oklahoma,OK,1990,3149
Oregon,OR,1990,2860
Pennsylvania,PA,1990,11903
Rhode Island,RI,1990,1006
South Carolina,SC,1990,3501
South Dakota,SD,1990,697
Tennessee,TN,1990,4894
Texas,TX,1990,17057
Utah,UT,1990,1731
Virginia,VA,1990,6217
Vermont,VT,1990,565
Washington,WA,1990,4903
Wisconsin,WI,1990,4905
West Virginia,WV,1990,1793
Wyoming,WY,1990,454
United States,US,1990,249623
Alaska,AK,1991,570
Alabama,AL,1991,4099
Arkansas,AR,1991,2383
Arizona,AZ,1991,3789
California,CA,1991,30471
Colorado,CO,1991,3387
Connecticut,CT,1991,3303
District of Columbia,DC,1991,601
Delaware,DE,1991,683
Florida,FL,1991,13370
Georgia,GA,1991,6653
Hawaii,HI,1991,1137
Iowa,IA,1991,2798
Idaho,ID,1991,1041
Illinois,IL,1991,11569
Indiana,IN,1991,5616
Kansas,KS,1991,2499
Kentucky,KY,1991,3722
Louisiana,LA,1991,4253
Massachusetts,MA,1991,6018
Maryland,MD,1991,4868
Maine,ME,1991,1237
Michigan,MI,1991,9400
Minnesota,MN,1991,4441
Missouri,MO,1991,5171
Mississippi,MS,1991,2599
Montana,MT,1991,810
North Carolina,NC,1991,6784
North Dakota,ND,1991,636
Nebraska,NE,1991,1596
New Hampshire,NH,1991,1110
New Jersey,NJ,1991,7815
New Mexico,NM,1991,1555
Nevada,NV,1991,1296
New York,NY,1991,18123
Ohio,OH,1991,10946
Oklahoma,OK,1991,3175
Oregon,OR,1991,2929
Pennsylvania,PA,1991,11982
Rhode Island,RI,1991,1011
South Carolina,SC,1991,3570
South Dakota,SD,1991,704
Tennessee,TN,1991,4967
Texas,TX,1991,17398
Utah,UT,1991,1780
Virginia,VA,1991,6301
Vermont,VT,1991,569
Washington,WA,1991,5026
Wisconsin,WI,1991,4964
West Virginia,WV,1991,1799
Wyoming,WY,1991,459
United States,US,1991,252981
Alaska,AK,1992,589
Alabama,AL,1992,4154
Arkansas,AR,1992,2416
Arizona,AZ,1992,3916
California,CA,1992,30975
Colorado,CO,1992,3496
Connecticut,CT,1992,3301
District of Columbia,DC,1992,598
Delaware,DE,1992,695
Florida,FL,1992,13651
Georgia,GA,1992,6817
Hawaii,HI,1992,1159
Iowa,IA,1992,2818
Idaho,ID,1992,1072
Illinois,IL,1992,11694
Indiana,IN,1992,5675
Kansas,KS,1992,2532
Kentucky,KY,1992,3765
Louisiana,LA,1992,4293
Massachusetts,MA,1992,6029
Maryland,MD,1992,4923
Maine,ME,1992,1239
Michigan,MI,1992,9479
Minnesota,MN,1992,4496
Missouri,MO,1992,5217
Mississippi,MS,1992,2624
Montana,MT,1992,826
North Carolina,NC,1992,6897
North Dakota,ND,1992,638
Nebraska,NE,1992,1612
New Hampshire,NH,1992,1118
New Jersey,NJ,1992,7881
New Mexico,NM,1992,1595
Nevada,NV,1992,1351
New York,NY,1992,18247
Ohio,OH,1992,11029
Oklahoma,OK,1992,3221
Oregon,OR,1992,2992
Pennsylvania,PA,1992,12049
Rhode Island,RI,1992,1013
South Carolina,SC,1992,3620
South Dakota,SD,1992,713
Tennessee,TN,1992,5050
Texas,TX,1992,17760
Utah,UT,1992,1837
Virginia,VA,1992,6414
Vermont,VT,1992,573
Washington,WA,1992,5161
Wisconsin,WI,1992,5025
West Virginia,WV,1992,1806
Wyoming,WY,1992,466
United States,US,1992,256514
Alaska,AK,1993,599
Alabama,AL,1993,4214
Arkansas,AR,1993,2456
Arizona,AZ,1993,4065
California,CA,1993,31275
Colorado,CO,1993,3614
Connecticut,CT,1993,3309
District of Columbia,DC,1993,595
Delaware,DE,1993,706
Florida,FL,1993,13927
Georgia,GA,1993,6978
Hawaii,HI,1993,1173
Iowa,IA,1993,2837
Idaho,ID,1993,1109
Illinois,IL,1993,11810
Indiana,IN,1993,5739
Kansas,KS,1993,2557
Kentucky,KY,1993,3812
Louisiana,LA,1993,4316
Massachusetts,MA,1993,6061
Maryland,MD,1993,4972
Maine,ME,1993,1242
Michigan,MI,1993,9540
Minnesota,MN,1993,4556
Missouri,MO,1993,5271
Mississippi,MS,1993,2655
Montana,MT,1993,845
North Carolina,NC,1993,7043
North Dakota,ND,1993,641
Nebraska,NE,1993,1626
New Hampshire,NH,1993,1129
New Jersey,NJ,1993,7949
New Mexico,NM,1993,1636
Nevada,NV,1993,1411
New York,NY,1993,18375
Ohio,OH,1993,11101
Oklahoma,OK,1993,3252
Oregon,OR,1993,3060
Pennsylvania,PA,1993,12120
Rhode Island,RI,1993,1015
South Carolina,SC,1993,3663
South Dakota,SD,1993,722
Tennessee,TN,1993,5138
Texas,TX,1993,18162
Utah,UT,1993,1898
Virginia,VA,1993,6510
Vermont,VT,1993,578
Washington,WA,1993,5279
Wisconsin,WI,1993,5085
West Virginia,WV,1993,1818
Wyoming,WY,1993,473
United States,US,1993,259919
Alaska,AK,1994,603
Alabama,AL,1994,4260
Arkansas,AR,1994,2494
Arizona,AZ,1994,4245
California,CA,1994,31484
Colorado,CO,1994,3724
Connecticut,CT,1994,3316
District of Columbia,DC,1994,589
Delaware,DE,1994,718
Florida,FL,1994,14239
Georgia,GA,1994,7157
Hawaii,HI,1994,1188
Iowa,IA,1994,2851
Idaho,ID,1994,1145
Illinois,IL,1994,11913
Indiana,IN,1994,5794
Kansas,KS,1994,2581
Kentucky,KY,1994,3849
Louisiana,LA,1994,4347
Massachusetts,MA,1994,6095
Maryland,MD,1994,5023
Maine,ME,1994,1243
Michigan,MI,1994,9598
Minnesota,MN,1994,4610
Missouri,MO,1994,5324
Mississippi,MS,1994,2689
Montana,MT,1994,861
North Carolina,NC,1994,7187
North Dakota,ND,1994,645
Nebraska,NE,1994,1639
New Hampshire,NH,1994,1143
New Jersey,NJ,1994,8014
New Mexico,NM,1994,1682
Nevada,NV,1994,1499
New York,NY,1994,18459
Ohio,OH,1994,11152
Oklahoma,OK,1994,3281
Oregon,OR,1994,3121
Pennsylvania,PA,1994,12166
Rhode Island,RI,1994,1016
South Carolina,SC,1994,3705
South Dakota,SD,1994,731
Tennessee,TN,1994,5231
Texas,TX,1994,18564
Utah,UT,1994,1960
Virginia,VA,1994,6593
Vermont,VT,1994,584
Washington,WA,1994,5375
Wisconsin,WI,1994,5134
West Virginia,WV,1994,1820
Wyoming,WY,1994,480
United States,US,1994,263126
Alaska,AK,1995,604
Alabama,AL,1995,4297
Arkansas,AR,1995,2535
Arizona,AZ,1995,4432
California,CA,1995,31697
Colorado,CO,1995,3827
Connecticut,CT,1995,3324
District of Columbia,DC,1995,581
Delaware,DE,1995,730
Florida,FL,1995,14538
Georgia,GA,1995,7328
Hawaii,HI,1995,1197
Iowa,IA,1995,2867
Idaho,ID,1995,1177
Illinois,IL,1995,12008
Indiana,IN,1995,5851
Kansas,KS,1995,2601
Kentucky,KY,1995,3887
Louisiana,LA,1995,4379
Massachusetts,MA,1995,6141
Maryland,MD,1995,5070
Maine,ME,1995,1243
Michigan,MI,1995,9676
Minnesota,MN,1995,4660
Missouri,MO,1995,5378
Mississippi,MS,1995,2723
Montana,MT,1995,877
North Carolina,NC,1995,7345
North Dakota,ND,1995,648
Nebraska,NE,1995,1657
New Hampshire,NH,1995,1158
New Jersey,NJ,1995,8083
New Mexico,NM,1995,1720
Nevada,NV,1995,1582
New York,NY,1995,18524
Ohio,OH,1995,11203
Oklahoma,OK,1995,3308
Oregon,OR,1995,3184
Pennsylvania,PA,1995,12198
Rhode Island,RI,1995,1017
South Carolina,SC,1995,3749
South Dakota,SD,1995,738
Tennessee,TN,1995,5327
Texas,TX,1995,18959
Utah,UT,1995,2014
Virginia,VA,1995,6671
Vermont,VT,1995,589
Washington,WA,1995,5481
Wisconsin,WI,1995,5185
West Virginia,WV,1995,1824
Wyoming,WY,1995,485
United States,US,1995,266278
Alaska,AK,1996,609
Alabama,AL,1996,4331
Arkansas,AR,1996,2572
Arizona,AZ,1996,4587
California,CA,1996,32019
Colorado,CO,1996,3920
Connecticut,CT,1996,3337
District of Columbia,DC,1996,572
Delaware,DE,1996,741
Florida,FL,1996,14853
Georgia,GA,1996,7501
Hawaii,HI,1996,1204
Iowa,IA,1996,2880
Idaho,ID,1996,1203
Illinois,IL,1996,12102
Indiana,IN,1996,5906
Kansas,KS,1996,2615
Kentucky,KY,1996,3920
Louisiana,LA,1996,4399
Massachusetts,MA,1996,6180
Maryland,MD,1996,5112
Maine,ME,1996,1249
Michigan,MI,1996,9759
Minnesota,MN,1996,4713
Missouri,MO,1996,5432
Mississippi,MS,1996,2748
Montana,MT,1996,886
North Carolina,NC,1996,7501
North Dakota,ND,1996,650
Nebraska,NE,1996,1674
New Hampshire,NH,1996,1175
New Jersey,NJ,1996,8150
New Mexico,NM,1996,1752
Nevada,NV,1996,1666
New York,NY,1996,18588
Ohio,OH,1996,11243
Oklahoma,OK,1996,3340
Oregon,OR,1996,3247
Pennsylvania,PA,1996,12220
Rhode Island,RI,1996,1021
South Carolina,SC,1996,3796
South Dakota,SD,1996,742
Tennessee,TN,1996,5417
Texas,TX,1996,19340
Utah,UT,1996,2068
Virginia,VA,1996,6751
Vermont,VT,1996,594
Washington,WA,1996,5570
Wisconsin,WI,1996,5230
West Virginia,WV,1996,1823
Wyoming,WY,1996,488
United States,US,1996,269394
Alaska,AK,1997,613
Alabama,AL,1997,4368
Arkansas,AR,1997,2601
Arizona,AZ,1997,4737
California,CA,1997,32486
Colorado,CO,1997,4018
Connecticut,CT,1997,3349
District of Columbia,DC,1997,568
Delaware,DE,1997,751
Florida,FL,1997,15186
Georgia,GA,1997,7685
Hawaii,HI,1997,1212
Iowa,IA,1997,2891
Idaho,ID,1997,1229
Illinois,IL,1997,12186
Indiana,IN,1997,5955
Kansas,KS,1997,2635
Kentucky,KY,1997,3953
Louisiana,LA,1997,4421
Massachusetts,MA,1997,6226
Maryland,MD,1997,5157
Maine,ME,1997,1255
Michigan,MI,1997,9809
Minnesota,MN,1997,4763
Missouri,MO,1997,5481
Mississippi,MS,1997,2777
Montana,MT,1997,890
North Carolina,NC,1997,7657
North Dakota,ND,1997,650
Nebraska,NE,1997,1686
New Hampshire,NH,1997,1189
New Jersey,NJ,1997,8219
New Mexico,NM,1997,1775
Nevada,NV,1997,1764
New York,NY,1997,18657
Ohio,OH,1997,11277
Oklahoma,OK,1997,3373
Oregon,OR,1997,3304
Pennsylvania,PA,1997,12228
Rhode Island,RI,1997,1025
South Carolina,SC,1997,3860
South Dakota,SD,1997,744
Tennessee,TN,1997,5499
Texas,TX,1997,19740
Utah,UT,1997,2120
Virginia,VA,1997,6829
Vermont,VT,1997,597
Washington,WA,1997,5675
Wisconsin,WI,1997,5266
West Virginia,WV,1997,1819
Wyoming,WY,1997,489
United States,US,1997,272647
Alaska,AK,1998,620
Alabama,AL,1998,4405
Arkansas,AR,1998,2626
Arizona,AZ,1998,4883
California,CA,1998,32988
Colorado,CO,1998,4117
Connecticut,CT,1998,3365
District of Columbia,DC,1998,565
Delaware,DE,1998,763
Florida,FL,1998,15487
Georgia,GA,1998,7864
Hawaii,HI,1998,1215
Iowa,IA,1998,2903
Idaho,ID,1998,1252
Illinois,IL,1998,12272
Indiana,IN,1998,5999
Kansas,KS,1998,2661
Kentucky,KY,1998,3985
Louisiana,LA,1998,4440
Massachusetts,MA,1998,6272
Maryland,MD,1998,5204
Maine,ME,1998,1259
Michigan,MI,1998,9848
Minnesota,MN,1998,4813
Missouri,MO,1998,5522
Mississippi,MS,1998,2805
Montana,MT,1998,892
North Carolina,NC,1998,7809
North Dakota,ND,1998,648
Nebraska,NE,1998,1696
New Hampshire,NH,1998,1206
New Jersey,NJ,1998,8287
New Mexico,NM,1998,1793
Nevada,NV,1998,1853
New York,NY,1998,18756
Ohio,OH,1998,11312
Oklahoma,OK,1998,3405
Oregon,OR,1998,3352
Pennsylvania,PA,1998,12246
Rhode Island,RI,1998,1031
South Carolina,SC,1998,3919
South Dakota,SD,1998,746
Tennessee,TN,1998,5570
Texas,TX,1998,20158
Utah,UT,1998,2166
Virginia,VA,1998,6901
Vermont,VT,1998,600
Washington,WA,1998,5770
Wisconsin,WI,1998,5298
West Virginia,WV,1998,1816
Wyoming,WY,1998,491
United States,US,1998,275854
Alaska,AK,1999,625
Alabama,AL,1999,4430
Arkansas,AR,1999,2652
Arizona,AZ,1999,5024
California,CA,1999,33499
Colorado,CO,1999,4226
Connecticut,CT,1999,3386
District of Columbia,DC,1999,570
Delaware,DE,1999,775
Florida,FL,1999,15759
Georgia,GA,1999,8046
Hawaii,HI,1999,1210
Iowa,IA,1999,2918
Idaho,ID,1999,1276
Illinois,IL,1999,12359
Indiana,IN,1999,6045
Kansas,KS,1999,2678
Kentucky,KY,1999,4018
Louisiana,LA,1999,4461
Massachusetts,MA,1999,6317
Maryland,MD,1999,5255
Maine,ME,1999,1267
Michigan,MI,1999,9897
Minnesota,MN,1999,4873
Missouri,MO,1999,5562
Mississippi,MS,1999,2828
Montana,MT,1999,898
North Carolina,NC,1999,7949
North Dakota,ND,1999,644
Nebraska,NE,1999,1705
New Hampshire,NH,1999,1222
New Jersey,NJ,1999,8360
New Mexico,NM,1999,1808
Nevada,NV,1999,1935
New York,NY,1999,18883
Ohio,OH,1999,11335
Oklahoma,OK,1999,3437
Oregon,OR,1999,3394
Pennsylvania,PA,1999,12264
Rhode Island,RI,1999,1040
South Carolina,SC,1999,3975
South Dakota,SD,1999,750
Tennessee,TN,1999,5639
Texas,TX,1999,20558
Utah,UT,1999,2203
Virginia,VA,1999,7000
Vermont,VT,1999,605
Washington,WA,1999,5843
Wisconsin,WI,1999,5333
West Virginia,WV,1999,1812
Wyoming,WY,1999,492
United States,US,1999,279040
Alaska,AK,2000,628
Alabama,AL,2000,4452
Arkansas,AR,2000,2679
Arizona,AZ,2000,5161
California,CA,2000,33988
Colorado,CO,2000,4327
Connecticut,CT,2000,3412
District of Columbia,DC,2000,572
Delaware,DE,2000,786
Florida,FL,2000,16048
Georgia,GA,2000,8227
Hawaii,HI,2000,1214
Iowa,IA,2000,2929
Idaho,ID,2000,1299
Illinois,IL,2000,12434
Indiana,IN,2000,6092
Kansas,KS,2000,2694
Kentucky,KY,2000,4049
Louisiana,LA,2000,4472
Massachusetts,MA,2000,6361
Maryland,MD,2000,5311
Maine,ME,2000,1277
Michigan,MI,2000,9952
Minnesota,MN,2000,4934
Missouri,MO,2000,5607
Mississippi,MS,2000,2848
Montana,MT,2000,904
North Carolina,NC,2000,8082
North Dakota,ND,2000,642
Nebraska,NE,2000,1714
New Hampshire,NH,2000,1240
New Jersey,NJ,2000,8431
New Mexico,NM,2000,1821
Nevada,NV,2000,2019
New York,NY,2000,19002
Ohio,OH,2000,11364
Oklahoma,OK,2000,3454
Oregon,OR,2000,3430
Pennsylvania,PA,2000,12284
Rhode Island,RI,2000,1050
South Carolina,SC,2000,4024
South Dakota,SD,2000,756
Tennessee,TN,2000,5704
Texas,TX,2000,20944
Utah,UT,2000,2245
Virginia,VA,2000,7106
Vermont,VT,2000,610
Washington,WA,2000,5911
Wisconsin,WI,2000,5374
West Virginia,WV,2000,1807
Wyoming,WY,2000,494
United States,US,2000,282162
Alaska,AK,2001,634
Alabama,AL,2001,4468
Arkansas,AR,2001,2692
Arizona,AZ,2001,5273
California,CA,2001,34479
Colorado,CO,2001,4426
Connecticut,CT,2001,3433
District of Columbia,DC,2001,575
Delaware,DE,2001,796
Florida,FL,2001,16357
Georgia,GA,2001,8377
Hawaii,HI,2001,1226
Iowa,IA,2001,2932
Idaho,ID,2001,1320
Illinois,IL,2001,12488
Indiana,IN,2001,6128
Kansas,KS,2001,2702
Kentucky,KY,2001,4068
Louisiana,LA,2001,4478
Massachusetts,MA,2001,6398
Maryland,MD,2001,5375
Maine,ME,2001,1286
Michigan,MI,2001,9991
Minnesota,MN,2001,4983
Missouri,MO,2001,5641
Mississippi,MS,2001,2853
Montana,MT,2001,907
North Carolina,NC,2001,8210
North Dakota,ND,2001,639
Nebraska,NE,2001,1720
New Hampshire,NH,2001,1256
New Jersey,NJ,2001,8493
New Mexico,NM,2001,1832
Nevada,NV,2001,2098
New York,NY,2001,19083
Ohio,OH,2001,11387
Oklahoma,OK,2001,3467
Oregon,OR,2001,3468
Pennsylvania,PA,2001,12299
Rhode Island,RI,2001,1057
South Carolina,SC,2001,4065
South Dakota,SD,2001,758
Tennessee,TN,2001,5751
Texas,TX,2001,21320
Utah,UT,2001,2284
Virginia,VA,2001,7198
Vermont,VT,2001,612
Washington,WA,2001,5986
Wisconsin,WI,2001,5407
West Virginia,WV,2001,1801
Wyoming,WY,2001,495
United States,US,2001,284969
Alaska,AK,2002,642
Alabama,AL,2002,4480
Arkansas,AR,2002,2706
Arizona,AZ,2002,5396
California,CA,2002,34872
Colorado,CO,2002,4490
Connecticut,CT,2002,3459
District of Columbia,DC,2002,573
Delaware,DE,2002,806
Florida,FL,2002,16689
Georgia,GA,2002,8508
Hawaii,HI,2002,1240
Iowa,IA,2002,2934
Idaho,ID,2002,1340
Illinois,IL,2002,12526
Indiana,IN,2002,6156
Kansas,KS,2002,2714
Kentucky,KY,2002,4090
Louisiana,LA,2002,4497
Massachusetts,MA,2002,6417
Maryland,MD,2002,5440
Maine,ME,2002,1296
Michigan,MI,2002,10016
Minnesota,MN,2002,5019
Missouri,MO,2002,5675
Mississippi,MS,2002,2859
Montana,MT,2002,912
North Carolina,NC,2002,8326
North Dakota,ND,2002,638
Nebraska,NE,2002,1728
New Hampshire,NH,2002,1269
New Jersey,NJ,2002,8553
New Mexico,NM,2002,1855
Nevada,NV,2002,2174
New York,NY,2002,19138
Ohio,OH,2002,11408
Oklahoma,OK,2002,3489
Oregon,OR,2002,3513
Pennsylvania,PA,2002,12331
Rhode Island,RI,2002,1066
South Carolina,SC,2002,4108
South Dakota,SD,2002,760
Tennessee,TN,2002,5796
Texas,TX,2002,21690
Utah,UT,2002,2325
Virginia,VA,2002,7287
Vermont,VT,2002,615
Washington,WA,2002,6052
Wisconsin,WI,2002,5445
West Virginia,WV,2002,1805
Wyoming,WY,2002,500
United States,US,2002,287625
Alaska,AK,2003,648
Alabama,AL,2003,4503
Arkansas,AR,2003,2725
Arizona,AZ,2003,5510
California,CA,2003,35253
Colorado,CO,2003,4529
Connecticut,CT,2003,3484
District of Columbia,DC,2003,569
Delaware,DE,2003,818
Florida,FL,2003,17004
Georgia,GA,2003,8623
Hawaii,HI,2003,1251
Iowa,IA,2003,2942
Idaho,ID,2003,1363
Illinois,IL,2003,12556
Indiana,IN,2003,6197
Kansas,KS,2003,2723
Kentucky,KY,2003,4117
Louisiana,LA,2003,4521
Massachusetts,MA,2003,6423
Maryland,MD,2003,5496
Maine,ME,2003,1307
Michigan,MI,2003,10041
Minnesota,MN,2003,5054
Missouri,MO,2003,5709
Mississippi,MS,2003,2868
Montana,MT,2003,920
North Carolina,NC,2003,8423
North Dakota,ND,2003,639
Nebraska,NE,2003,1739
New Hampshire,NH,2003,1280
New Jersey,NJ,2003,8601
New Mexico,NM,2003,1878
Nevada,NV,2003,2249
New York,NY,2003,19176
Ohio,OH,2003,11435
Oklahoma,OK,2003,3505
Oregon,OR,2003,3547
Pennsylvania,PA,2003,12375
Rhode Island,RI,2003,1071
South Carolina,SC,2003,4150
South Dakota,SD,2003,764
Tennessee,TN,2003,5848
Texas,TX,2003,22031
Utah,UT,2003,2360
Virginia,VA,2003,7367
Vermont,VT,2003,618
Washington,WA,2003,6104
Wisconsin,WI,2003,5479
West Virginia,WV,2003,1812
Wyoming,WY,2003,503
United States,US,2003,290108
Alaska,AK,2004,659
Alabama,AL,2004,4531
Arkansas,AR,2004,2750
Arizona,AZ,2004,5652
California,CA,2004,35575
Colorado,CO,2004,4575
Connecticut,CT,2004,3496
District of Columbia,DC,2004,568
Delaware,DE,2004,831
Florida,FL,2004,17415
Georgia,GA,2004,8769
Hawaii,HI,2004,1274
Iowa,IA,2004,2954
Idaho,ID,2004,1392
Illinois,IL,2004,12590
Indiana,IN,2004,6233
Kansas,KS,2004,2734
Kentucky,KY,2004,4146
Louisiana,LA,2004,4552
Massachusetts,MA,2004,6412
Maryland,MD,2004,5547
Maine,ME,2004,1314
Michigan,MI,2004,10055
Minnesota,MN,2004,5088
Missouri,MO,2004,5748
Mississippi,MS,2004,2889
Montana,MT,2004,930
North Carolina,NC,2004,8553
North Dakota,ND,2004,645
Nebraska,NE,2004,1749
New Hampshire,NH,2004,1290
New Jersey,NJ,2004,8635
New Mexico,NM,2004,1904
Nevada,NV,2004,2346
New York,NY,2004,19172
Ohio,OH,2004,11452
Oklahoma,OK,2004,3525
Oregon,OR,2004,3569
Pennsylvania,PA,2004,12411
Rhode Island,RI,2004,1075
South Carolina,SC,2004,4211
South Dakota,SD,2004,770
Tennessee,TN,2004,5911
Texas,TX,2004,22394
Utah,UT,2004,2402
Virginia,VA,2004,7476
Vermont,VT,2004,620
Washington,WA,2004,6179
Wisconsin,WI,2004,5514
West Virginia,WV,2004,1816
Wyoming,WY,2004,509
United States,US,2004,292805
Alaska,AK,2005,667
Alabama,AL,2005,4570
Arkansas,AR,2005,2781
Arizona,AZ,2005,5839
California,CA,2005,35828
Colorado,CO,2005,4632
Connecticut,CT,2005,3507
District of Columbia,DC,2005,567
Delaware,DE,2005,845
Florida,FL,2005,17842
Georgia,GA,2005,8926
Hawaii,HI,2005,1293
Iowa,IA,2005,2964
Idaho,ID,2005,1428
Illinois,IL,2005,12610
Indiana,IN,2005,6279
Kansas,KS,2005,2745
Kentucky,KY,2005,4183
Louisiana,LA,2005,4577
Massachusetts,MA,2005,6403
Maryland,MD,2005,5592
Maine,ME,2005,1319
Michigan,MI,2005,10051
Minnesota,MN,2005,5120
Missouri,MO,2005,5790
Mississippi,MS,2005,2906
Montana,MT,2005,940
North Carolina,NC,2005,8705
North Dakota,ND,2005,646
Nebraska,NE,2005,1761
New Hampshire,NH,2005,1298
New Jersey,NJ,2005,8652
New Mexico,NM,2005,1932
Nevada,NV,2005,2432
New York,NY,2005,19133
Ohio,OH,2005,11463
Oklahoma,OK,2005,3549
Oregon,OR,2005,3613
Pennsylvania,PA,2005,12450
Rhode Island,RI,2005,1068
South Carolina,SC,2005,4270
South Dakota,SD,2005,775
Tennessee,TN,2005,5991
Texas,TX,2005,22778
Utah,UT,2005,2458
Virginia,VA,2005,7577
Vermont,VT,2005,621
Washington,WA,2005,6257
Wisconsin,WI,2005,5546
West Virginia,WV,2005,1820
Wyoming,WY,2005,514
United States,US,2005,295517
Alaska,AK,2006,675
Alabama,AL,2006,4629
Arkansas,AR,2006,2822
Arizona,AZ,2006,6029
California,CA,2006,36021
Colorado,CO,2006,4720
Connecticut,CT,2006,3517
District of Columbia,DC,2006,571
Delaware,DE,2006,859
Florida,FL,2006,18167
Georgia,GA,2006,9156
Hawaii,HI,2006,1310
Iowa,IA,2006,2983
Idaho,ID,2006,1469
Illinois,IL,2006,12644
Indiana,IN,2006,6333
Kansas,KS,2006,2763
Kentucky,KY,2006,4219
Louisiana,LA,2006,4303
Massachusetts,MA,2006,6410
Maryland,MD,2006,5627
Maine,ME,2006,1324
Michigan,MI,2006,10036
Minnesota,MN,2006,5164
Missouri,MO,2006,5843
Mississippi,MS,2006,2905
Montana,MT,2006,953
North Carolina,NC,2006,8917
North Dakota,ND,2006,649
Nebraska,NE,2006,1773
New Hampshire,NH,2006,1308
New Jersey,NJ,2006,8662
New Mexico,NM,2006,1962
Nevada,NV,2006,2523
New York,NY,2006,19105
Ohio,OH,2006,11481
Oklahoma,OK,2006,3594
Oregon,OR,2006,3671
Pennsylvania,PA,2006,12511
Rhode Island,RI,2006,1063
South Carolina,SC,2006,4358
South Dakota,SD,2006,783
Tennessee,TN,2006,6089
Texas,TX,2006,23360
Utah,UT,2006,2526
Virginia,VA,2006,7674
Vermont,VT,2006,623
Washington,WA,2006,6371
Wisconsin,WI,2006,5578
West Virginia,WV,2006,1828
Wyoming,WY,2006,523
United States,US,2006,298380
Alaska,AK,2007,680
Alabama,AL,2007,4673
Arkansas,AR,2007,2849
Arizona,AZ,2007,6168
California,CA,2007,36250
Colorado,CO,2007,4804
Connecticut,CT,2007,3527
District of Columbia,DC,2007,574
Delaware,DE,2007,872
Florida,FL,2007,18368
Georgia,GA,2007,9350
Hawaii,HI,2007,1316
Iowa,IA,2007,2999
Idaho,ID,2007,1505
Illinois,IL,2007,12696
Indiana,IN,2007,6380
Kansas,KS,2007,2784
Kentucky,KY,2007,4257
Louisiana,LA,2007,4376
Massachusetts,MA,2007,6432
Maryland,MD,2007,5653
Maine,ME,2007,1327
Michigan,MI,2007,10001
Minnesota,MN,2007,5207
Missouri,MO,2007,5888
Mississippi,MS,2007,2928
Montana,MT,2007,965
North Carolina,NC,2007,9118
North Dakota,ND,2007,653
Nebraska,NE,2007,1783
New Hampshire,NH,2007,1313
New Jersey,NJ,2007,8678
New Mexico,NM,2007,1990
Nevada,NV,2007,2601
New York,NY,2007,19132
Ohio,OH,2007,11500
Oklahoma,OK,2007,3634
Oregon,OR,2007,3722
Pennsylvania,PA,2007,12564
Rhode Island,RI,2007,1057
South Carolina,SC,2007,4444
South Dakota,SD,2007,792
Tennessee,TN,2007,6176
Texas,TX,2007,23832
Utah,UT,2007,2598
Virginia,VA,2007,7751
Vermont,VT,2007,623
Washington,WA,2007,6462
Wisconsin,WI,2007,5611
West Virginia,WV,2007,1834
Wyoming,WY,2007,535
United States,US,2007,301231
Alaska,AK,2008,687
Alabama,AL,2008,4718
Arkansas,AR,2008,2875
Arizona,AZ,2008,6280
California,CA,2008,36604
Colorado,CO,2008,4890
Connecticut,CT,2008,3546
District of Columbia,DC,2008,580
Delaware,DE,2008,884
Florida,FL,2008,18527
Georgia,GA,2008,9505
Hawaii,HI,2008,1332
Iowa,IA,2008,3017
Idaho,ID,2008,1534
Illinois,IL,2008,12747
Indiana,IN,2008,6425
Kansas,KS,2008,2808
Kentucky,KY,2008,4290
Louisiana,LA,2008,4436
Massachusetts,MA,2008,6469
Maryland,MD,2008,5685
Maine,ME,2008,1331
Michigan,MI,2008,9947
Minnesota,MN,2008,5247
Missouri,MO,2008,5924
Mississippi,MS,2008,2948
Montana,MT,2008,976
North Carolina,NC,2008,9309
North Dakota,ND,2008,658
Nebraska,NE,2008,1796
New Hampshire,NH,2008,1316
New Jersey,NJ,2008,8711
New Mexico,NM,2008,2011
Nevada,NV,2008,2654
New York,NY,2008,19212
Ohio,OH,2008,11515
Oklahoma,OK,2008,3669
Oregon,OR,2008,3769
Pennsylvania,PA,2008,12612
Rhode Island,RI,2008,1055
South Carolina,SC,2008,4529
South Dakota,SD,2008,799
Tennessee,TN,2008,6247
Texas,TX,2008,24309
Utah,UT,2008,2663
Virginia,VA,2008,7833
Vermont,VT,2008,624
Washington,WA,2008,6562
Wisconsin,WI,2008,5641
West Virginia,WV,2008,1840
Wyoming,WY,2008,546
United States,US,2008,304094
Alaska,AK,2009,699
Alabama,AL,2009,4758
Arkansas,AR,2009,2897
Arizona,AZ,2009,6343
California,CA,2009,36961
Colorado,CO,2009,4972
Connecticut,CT,2009,3562
District of Columbia,DC,2009,592
Delaware,DE,2009,892
Florida,FL,2009,18653
Georgia,GA,2009,9621
Hawaii,HI,2009,1347
Iowa,IA,2009,3033
Idaho,ID,2009,1554
Illinois,IL,2009,12797
Indiana,IN,2009,6459
Kansas,KS,2009,2833
Kentucky,KY,2009,4317
Louisiana,LA,2009,4492
Massachusetts,MA,2009,6518
Maryland,MD,2009,5730
Maine,ME,2009,1330
Michigan,MI,2009,9902
Minnesota,MN,2009,5281
Missouri,MO,2009,5961
Mississippi,MS,2009,2959
Montana,MT,2009,984
North Carolina,NC,2009,9450
North Dakota,ND,2009,665
Nebraska,NE,2009,1813
New Hampshire,NH,2009,1316
New Jersey,NJ,2009,8756
New Mexico,NM,2009,2037
Nevada,NV,2009,2685
New York,NY,2009,19307
Ohio,OH,2009,11529
Oklahoma,OK,2009,3718
Oregon,OR,2009,3809
Pennsylvania,PA,2009,12667
Rhode Island,RI,2009,1054
South Carolina,SC,2009,4590
South Dakota,SD,2009,807
Tennessee,TN,2009,6306
Texas,TX,2009,24802
Utah,UT,2009,2723
Virginia,VA,2009,7926
Vermont,VT,2009,625
Washington,WA,2009,6667
Wisconsin,WI,2009,5669
West Virginia,WV,2009,1848
Wyoming,WY,2009,560
United States,US,2009,306772
Alaska,AK,2010,714
Alabama,AL,2010,4785
Arkansas,AR,2010,2922
Arizona,AZ,2010,6407
California,CA,2010,37320
Colorado,CO,2010,5047
Connecticut,CT,2010,3579
District of Columbia,DC,2010,605
Delaware,DE,2010,900
Florida,FL,2010,18846
Georgia,GA,2010,9712
Hawaii,HI,2010,1364
Iowa,IA,2010,3051
Idaho,ID,2010,1571
Illinois,IL,2010,12841
Indiana,IN,2010,6490
Kansas,KS,2010,2858
Kentucky,KY,2010,4348
Louisiana,LA,2010,4545
Massachusetts,MA,2010,6566
Maryland,MD,2010,5789
Maine,ME,2010,1328
Michigan,MI,2010,9878
Minnesota,MN,2010,5311
Missouri,MO,2010,5996
Mississippi,MS,2010,2971
Montana,MT,2010,991
North Carolina,NC,2010,9574
North Dakota,ND,2010,675
Nebraska,NE,2010,1830
New Hampshire,NH,2010,1317
New Jersey,NJ,2010,8799
New Mexico,NM,2010,2065
Nevada,NV,2010,2702
New York,NY,2010,19400
Ohio,OH,2010,11539
Oklahoma,OK,2010,3760
Oregon,OR,2010,3837
Pennsylvania,PA,2010,12711
Rhode Island,RI,2010,1054
South Carolina,SC,2010,4636
South Dakota,SD,2010,816
Tennessee,TN,2010,6355
Texas,TX,2010,25242
Utah,UT,2010,2775
Virginia,VA,2010,8024
Vermont,VT,2010,626
Washington,WA,2010,6743
Wisconsin,WI,2010,5690
West Virginia,WV,2010,1854
Wyoming,WY,2010,564
United States,US,2010,309322
Alaska,AK,2011,722
Alabama,AL,2011,4799
Arkansas,AR,2011,2940
Arizona,AZ,2011,6473
California,CA,2011,37642
Colorado,CO,2011,5122
Connecticut,CT,2011,3588
District of Columbia,DC,2011,620
Delaware,DE,2011,907
Florida,FL,2011,19093
Georgia,GA,2011,9802
Hawaii,HI,2011,1379
Iowa,IA,2011,3066
Idaho,ID,2011,1584
Illinois,IL,2011,12867
Indiana,IN,2011,6516
Kansas,KS,2011,2869
Kentucky,KY,2011,4369
Louisiana,LA,2011,4575
Massachusetts,MA,2011,6613
Maryland,MD,2011,5839
Maine,ME,2011,1328
Michigan,MI,2011,9882
Minnesota,MN,2011,5346
Missouri,MO,2011,6010
Mississippi,MS,2011,2978
Montana,MT,2011,997
North Carolina,NC,2011,9657
North Dakota,ND,2011,685
Nebraska,NE,2011,1841
New Hampshire,NH,2011,1320
New Jersey,NJ,2011,8828
New Mexico,NM,2011,2080
Nevada,NV,2011,2713
New York,NY,2011,19499
Ohio,OH,2011,11543
Oklahoma,OK,2011,3788
Oregon,OR,2011,3872
Pennsylvania,PA,2011,12745
Rhode Island,RI,2011,1054
South Carolina,SC,2011,4671
South Dakota,SD,2011,823
Tennessee,TN,2011,6397
Texas,TX,2011,25646
Utah,UT,2011,2814
Virginia,VA,2011,8100
Vermont,VT,2011,627
Washington,WA,2011,6822
Wisconsin,WI,2011,5705
West Virginia,WV,2011,1856
Wyoming,WY,2011,567
United States,US,2011,311580
Alaska,AK,2012,730
Alabama,AL,2012,4816
Arkansas,AR,2012,2952
Arizona,AZ,2012,6555
California,CA,2012,37949
Colorado,CO,2012,5193
Connecticut,CT,2012,3595
District of Columbia,DC,2012,635
Delaware,DE,2012,915
Florida,FL,2012,19298
Georgia,GA,2012,9901
Hawaii,HI,2012,1395
Iowa,IA,2012,3076
Idaho,ID,2012,1595
Illinois,IL,2012,12883
Indiana,IN,2012,6538
Kansas,KS,2012,2885
Kentucky,KY,2012,4386
Louisiana,LA,2012,4601
Massachusetts,MA,2012,6663
Maryland,MD,2012,5887
Maine,ME,2012,1328
Michigan,MI,2012,9897
Minnesota,MN,2012,5377
Missouri,MO,2012,6024
Mississippi,MS,2012,2984
Montana,MT,2012,1004
North Carolina,NC,2012,9749
North Dakota,ND,2012,701
Nebraska,NE,2012,1853
New Hampshire,NH,2012,1324
New Jersey,NJ,2012,8845
New Mexico,NM,2012,2087
Nevada,NV,2012,2744
New York,NY,2012,19573
Ohio,OH,2012,11549
Oklahoma,OK,2012,3819
Oregon,OR,2012,3899
Pennsylvania,PA,2012,12767
Rhode Island,RI,2012,1055
South Carolina,SC,2012,4717
South Dakota,SD,2012,834
Tennessee,TN,2012,6454
Texas,TX,2012,26084
Utah,UT,2012,2853
Virginia,VA,2012,8185
Vermont,VT,2012,626
Washington,WA,2012,6897
Wisconsin,WI,2012,5720
West Virginia,WV,2012,1857
Wyoming,WY,2012,576
United States,US,2012,313831
Alaska,AK,2013,737
Alabama,AL,2013,4830
Arkansas,AR,2013,2959
Arizona,AZ,2013,6633
California,CA,2013,38261
Colorado,CO,2013,5269
Connecticut,CT,2013,3595
District of Columbia,DC,2013,651
Delaware,DE,2013,924
Florida,FL,2013,19546
Georgia,GA,2013,9972
Hawaii,HI,2013,1408
Iowa,IA,2013,3093
Idaho,ID,2013,1611
Illinois,IL,2013,12895
Indiana,IN,2013,6569
Kansas,KS,2013,2893
Kentucky,KY,2013,4405
Louisiana,LA,2013,4625
Massachusetts,MA,2013,6713
Maryland,MD,2013,5923
Maine,ME,2013,1328
Michigan,MI,2013,9913
Minnesota,MN,2013,5413
Missouri,MO,2013,6041
Mississippi,MS,2013,2989
Montana,MT,2013,1014
North Carolina,NC,2013,9843
North Dakota,ND,2013,722
Nebraska,NE,2013,1865
New Hampshire,NH,2013,1327
New Jersey,NJ,2013,8857
New Mexico,NM,2013,2092
Nevada,NV,2013,2776
New York,NY,2013,19624
Ohio,OH,2013,11577
Oklahoma,OK,2013,3853
Oregon,OR,2013,3922
Pennsylvania,PA,2013,12776
Rhode Island,RI,2013,1055
South Carolina,SC,2013,4764
South Dakota,SD,2013,842
Tennessee,TN,2013,6494
Texas,TX,2013,26480
Utah,UT,2013,2898
Virginia,VA,2013,8252
Vermont,VT,2013,626
Washington,WA,2013,6964
Wisconsin,WI,2013,5737
West Virginia,WV,2013,1854
Wyoming,WY,2013,582
United States,US,2013,315994
Alaska,AK,2014,736
Alabama,AL,2014,4842
Arkansas,AR,2014,2967
Arizona,AZ,2014,6730
California,CA,2014,38597
Colorado,CO,2014,5350
Connecticut,CT,2014,3595
District of Columbia,DC,2014,662
Delaware,DE,2014,932
Florida,FL,2014,19846
Georgia,GA,2014,10067
Hawaii,HI,2014,1415
Iowa,IA,2014,3109
Idaho,ID,2014,1631
Illinois,IL,2014,12884
Indiana,IN,2014,6594
Kansas,KS,2014,2900
Kentucky,KY,2014,4414
Louisiana,LA,2014,4644
Massachusetts,MA,2014,6763
Maryland,MD,2014,5957
Maine,ME,2014,1331
Michigan,MI,2014,9930
Minnesota,MN,2014,5451
Missouri,MO,2014,6056
Mississippi,MS,2014,2990
Montana,MT,2014,1022
North Carolina,NC,2014,9933
North Dakota,ND,2014,737
Nebraska,NE,2014,1879
New Hampshire,NH,2014,1333
New Jersey,NJ,2014,8865
New Mexico,NM,2014,2090
Nevada,NV,2014,2818
New York,NY,2014,19651
Ohio,OH,2014,11603
Oklahoma,OK,2014,3878
Oregon,OR,2014,3963
Pennsylvania,PA,2014,12788
Rhode Island,RI,2014,1056
South Carolina,SC,2014,4824
South Dakota,SD,2014,849
Tennessee,TN,2014,6541
Texas,TX,2014,26964
Utah,UT,2014,2937
Virginia,VA,2014,8311
Vermont,VT,2014,625
Washington,WA,2014,7055
Wisconsin,WI,2014,5752
West Virginia,WV,2014,1849
Wyoming,WY,2014,583
United States,US,2014,318301
Alaska,AK,2015,737
Alabama,AL,2015,4852
Arkansas,AR,2015,2978
Arizona,AZ,2015,6830
California,CA,2015,38918
Colorado,CO,2015,5451
Connecticut,CT,2015,3587
District of Columbia,DC,2015,675
Delaware,DE,2015,941
Florida,FL,2015,20209
Georgia,GA,2015,10178
Hawaii,HI,2015,1422
Iowa,IA,2015,3121
Idaho,ID,2015,1651
Illinois,IL,2015,12859
Indiana,IN,2015,6608
Kansas,KS,2015,2909
Kentucky,KY,2015,4426
Louisiana,LA,2015,4665
Massachusetts,MA,2015,6794
Maryland,MD,2015,5986
Maine,ME,2015,1328
Michigan,MI,2015,9932
Minnesota,MN,2015,5482
Missouri,MO,2015,6072
Mississippi,MS,2015,2988
Montana,MT,2015,1030
North Carolina,NC,2015,10032
North Dakota,ND,2015,754
Nebraska,NE,2015,1891
New Hampshire,NH,2015,1336
New Jersey,NJ,2015,8868
New Mexico,NM,2015,2089
Nevada,NV,2015,2867
New York,NY,2015,19655
Ohio,OH,2015,11618
Oklahoma,OK,2015,3910
Oregon,OR,2015,4016
Pennsylvania,PA,2015,12785
Rhode Island,RI,2015,1056
South Carolina,SC,2015,4892
South Dakota,SD,2015,854
Tennessee,TN,2015,6591
Texas,TX,2015,27470
Utah,UT,2015,2982
Virginia,VA,2015,8362
Vermont,VT,2015,625
Washington,WA,2015,7164
Wisconsin,WI,2015,5761
West Virginia,WV,2015,1842
Wyoming,WY,2015,586
United States,US,2015,320635
Alaska,AK,2016,741
Alabama,AL,2016,4864
Arkansas,AR,2016,2990
Arizona,AZ,2016,6941
California,CA,2016,39167
Colorado,CO,2016,5539
Connecticut,CT,2016,3578
District of Columbia,DC,2016,686
Delaware,DE,2016,949
Florida,FL,2016,20613
Georgia,GA,2016,10302
Hawaii,HI,2016,1428
Iowa,IA,2016,3131
Idaho,ID,2016,1682
Illinois,IL,2016,12821
Indiana,IN,2016,6634
Kansas,KS,2016,2911
Kentucky,KY,2016,4438
Louisiana,LA,2016,4678
Massachusetts,MA,2016,6824
Maryland,MD,2016,6003
Maine,ME,2016,1331
Michigan,MI,2016,9951
Minnesota,MN,2016,5523
Missouri,MO,2016,6087
Mississippi,MS,2016,2988
Montana,MT,2016,1041
North Carolina,NC,2016,10155
North Dakota,ND,2016,754
Nebraska,NE,2016,1906
New Hampshire,NH,2016,1342
New Jersey,NJ,2016,8871
New Mexico,NM,2016,2092
Nevada,NV,2016,2918
New York,NY,2016,19633
Ohio,OH,2016,11634
Oklahoma,OK,2016,3926
Oregon,OR,2016,4090
Pennsylvania,PA,2016,12782
Rhode Island,RI,2016,1057
South Carolina,SC,2016,4958
South Dakota,SD,2016,863
Tennessee,TN,2016,6646
Texas,TX,2016,27914
Utah,UT,2016,3042
Virginia,VA,2016,8410
Vermont,VT,2016,624
Washington,WA,2016,7295
Wisconsin,WI,2016,5773
West Virginia,WV,2016,1831
Wyoming,WY,2016,584
United States,US,2016,322941
Alaska,AK,2017,740
Alabama,AL,2017,4874
Arkansas,AR,2017,3001
Arizona,AZ,2017,7044
California,CA,2017,39358
Colorado,CO,2017,5612
Connecticut,CT,2017,3573
District of Columbia,DC,2017,695
Delaware,DE,2017,957
Florida,FL,2017,20964
Georgia,GA,2017,10410
Hawaii,HI,2017,1424
Iowa,IA,2017,3142
Idaho,ID,2017,1718
Illinois,IL,2017,12779
Indiana,IN,2017,6658
Kansas,KS,2017,2909
Kentucky,KY,2017,4452
Louisiana,LA,2017,4671
Massachusetts,MA,2017,6860
Maryland,MD,2017,6024
Maine,ME,2017,1335
Michigan,MI,2017,9973
Minnesota,MN,2017,5566
Missouri,MO,2017,6107
Mississippi,MS,2017,2989
Montana,MT,2017,1052
North Carolina,NC,2017,10268
North Dakota,ND,2017,755
Nebraska,NE,2017,1916
New Hampshire,NH,2017,1349
New Jersey,NJ,2017,8886
New Mexico,NM,2017,2092
Nevada,NV,2017,2970
New York,NY,2017,19590
Ohio,OH,2017,11660
Oklahoma,OK,2017,3931
Oregon,OR,2017,4144
Pennsylvania,PA,2017,12788
Rhode Island,RI,2017,1056
South Carolina,SC,2017,5021
South Dakota,SD,2017,873
Tennessee,TN,2017,6709
Texas,TX,2017,28295
Utah,UT,2017,3101
Virginia,VA,2017,8464
Vermont,VT,2017,624
Washington,WA,2017,7423
Wisconsin,WI,2017,5790
West Virginia,WV,2017,1817
Wyoming,WY,2017,579
United States,US,2017,324986
Alaska,AK,2018,735
Alabama,AL,2018,4888
Arkansas,AR,2018,3010
Arizona,AZ,2018,7158
California,CA,2018,39462
Colorado,CO,2018,5691
Connecticut,CT,2018,3572
District of Columbia,DC,2018,702
Delaware,DE,2018,965
Florida,FL,2018,21244
Georgia,GA,2018,10511
Hawaii,HI,2018,1421
Iowa,IA,2018,3149
Idaho,ID,2018,1751
Illinois,IL,2018,12723
Indiana,IN,2018,6695
Kansas,KS,2018,2911
Kentucky,KY,2018,4461
Louisiana,LA,2018,4660
Massachusetts,MA,2018,6883
Maryland,MD,2018,6036
Maine,ME,2018,1339
Michigan,MI,2018,9984
Minnesota,MN,2018,5606
Missouri,MO,2018,6122
Mississippi,MS,2018,2981
Montana,MT,2018,1061
North Carolina,NC,2018,10382
North Dakota,ND,2018,758
Nebraska,NE,2018,1926
New Hampshire,NH,2018,1353
New Jersey,NJ,2018,8886
New Mexico,NM,2018,2093
Nevada,NV,2018,3027
New York,NY,2018,19530
Ohio,OH,2018,11676
Oklahoma,OK,2018,3940
Oregon,OR,2018,4182
Pennsylvania,PA,2018,12801
Rhode Island,RI,2018,1058
South Carolina,SC,2018,5084
South Dakota,SD,2018,879
Tennessee,TN,2018,6772
Texas,TX,2018,28629
Utah,UT,2018,3154
Virginia,VA,2018,8501
Vermont,VT,2018,624
Washington,WA,2018,7524
Wisconsin,WI,2018,5807
West Virginia,WV,2018,1804
Wyoming,WY,2018,578
United States,US,2018,326688
