state_name,year,drought,flooding,freeze,severe_storm,tropical_cyclone,wildfire,winter_storm
Alaska,1980,0,0,0,0,0,0,0
Alabama,1980,1,0,0,0,0,0,0
Arkansas,1980,1,1,0,0,0,0,0
Arizona,1980,0,0,0,0,0,0,0
California,1980,0,0,0,0,0,0,0
Colorado,1980,0,0,0,0,0,0,0
Connecticut,1980,0,0,0,0,0,0,0
Delaware,1980,0,0,0,0,0,0,0
Florida,1980,0,0,0,0,0,0,0
Georgia,1980,1,0,0,0,0,0,0
Hawaii,1980,0,0,0,0,0,0,0
Iowa,1980,1,0,0,0,0,0,0
Idaho,1980,0,0,0,0,0,0,0
Illinois,1980,1,0,0,0,0,0,0
Indiana,1980,0,0,0,0,0,0,0
Kansas,1980,1,0,0,0,0,0,0
Kentucky,1980,1,0,0,0,0,0,0
Louisiana,1980,1,1,0,0,1,0,0
Massachusetts,1980,0,0,0,0,0,0,0
Maryland,1980,0,0,0,0,0,0,0
Maine,1980,0,0,0,0,0,0,0
Michigan,1980,0,0,0,0,0,0,0
Minnesota,1980,1,0,0,0,0,0,0
Missouri,1980,1,0,0,0,0,0,0
Mississippi,1980,1,1,0,0,0,0,0
Montana,1980,1,0,0,0,0,0,0
North Carolina,1980,1,0,0,0,0,0,0
North Dakota,1980,1,0,0,0,0,0,0
Nebraska,1980,1,0,0,0,0,0,0
New Hampshire,1980,0,0,0,0,0,0,0
New Jersey,1980,0,0,0,0,0,0,0
New Mexico,1980,0,0,0,0,0,0,0
Nevada,1980,0,0,0,0,0,0,0
New York,1980,0,0,0,0,0,0,0
Ohio,1980,0,0,0,0,0,0,0
Oklahoma,1980,1,0,0,0,0,0,0
Oregon,1980,0,0,0,0,0,0,0
Pennsylvania,1980,0,0,0,0,0,0,0
Puerto Rico,1980,0,0,0,0,0,0,0
Rhode Island,1980,0,0,0,0,0,0,0
South Carolina,1980,1,0,0,0,0,0,0
South Dakota,1980,1,0,0,0,0,0,0
Tennessee,1980,1,0,0,0,0,0,0
Texas,1980,1,0,0,0,1,0,0
Utah,1980,0,0,0,0,0,0,0
Virginia,1980,1,0,0,0,0,0,0
Virgin Islands,1980,0,0,0,0,0,0,0
Vermont,1980,0,0,0,0,0,0,0
Washington,1980,0,0,0,0,0,0,0
Wisconsin,1980,0,0,0,0,0,0,0
West Virginia,1980,0,0,0,0,0,0,0
Wyoming,1980,0,0,0,0,0,0,0
Alaska,1981,0,0,0,0,0,0,0
Alabama,1981,0,0,0,1,0,0,0
Arkansas,1981,0,0,0,0,0,0,0
Arizona,1981,0,0,0,0,0,0,0
California,1981,0,0,0,0,0,0,0
Colorado,1981,0,0,0,0,0,0,0
Connecticut,1981,0,0,0,0,0,0,0
Delaware,1981,0,0,0,0,0,0,0
Florida,1981,0,0,1,0,0,0,0
Georgia,1981,0,0,0,0,0,0,0
Hawaii,1981,0,0,0,0,0,0,0
Iowa,1981,0,0,0,0,0,0,0
Idaho,1981,0,0,0,0,0,0,0
Illinois,1981,0,0,0,0,0,0,0
Indiana,1981,0,0,0,0,0,0,0
Kansas,1981,0,0,0,1,0,0,0
Kentucky,1981,0,0,0,0,0,0,0
Louisiana,1981,0,0,0,1,0,0,0
Massachusetts,1981,0,0,0,0,0,0,0
Maryland,1981,0,0,0,0,0,0,0
Maine,1981,0,0,0,0,0,0,0
Michigan,1981,0,0,0,0,0,0,0
Minnesota,1981,0,0,0,0,0,0,0
Missouri,1981,0,0,0,0,0,0,0
Mississippi,1981,0,0,0,0,0,0,0
Montana,1981,0,0,0,0,0,0,0
North Carolina,1981,0,0,0,0,0,0,0
North Dakota,1981,0,0,0,0,0,0,0
Nebraska,1981,0,0,0,0,0,0,0
New Hampshire,1981,0,0,0,0,0,0,0
New Jersey,1981,0,0,0,0,0,0,0
New Mexico,1981,0,0,0,0,0,0,0
Nevada,1981,0,0,0,0,0,0,0
New York,1981,0,0,0,0,0,0,0
Ohio,1981,0,0,0,0,0,0,0
Oklahoma,1981,0,0,0,1,0,0,0
Oregon,1981,0,0,0,0,0,0,0
Pennsylvania,1981,0,0,0,0,0,0,0
Puerto Rico,1981,0,0,0,0,0,0,0
Rhode Island,1981,0,0,0,0,0,0,0
South Carolina,1981,0,0,0,0,0,0,0
South Dakota,1981,0,0,0,0,0,0,0
Tennessee,1981,0,0,0,0,0,0,0
Texas,1981,0,0,0,1,0,0,0
Utah,1981,0,0,0,0,0,0,0
Virginia,1981,0,0,0,0,0,0,0
Virgin Islands,1981,0,0,0,0,0,0,0
Vermont,1981,0,0,0,0,0,0,0
Washington,1981,0,0,0,0,0,0,0
Wisconsin,1981,0,0,0,0,0,0,0
West Virginia,1981,0,0,0,0,0,0,0
Wyoming,1981,0,0,0,0,0,0,0
Alaska,1982,0,0,0,0,0,0,0
Alabama,1982,0,0,0,1,0,0,1
Arkansas,1982,0,0,0,1,0,0,1
Arizona,1982,0,0,0,0,0,0,0
California,1982,0,0,0,0,0,0,0
Colorado,1982,0,0,0,1,0,0,0
Connecticut,1982,0,0,0,1,0,0,1
Delaware,1982,0,0,0,0,0,0,1
Florida,1982,0,0,0,0,0,0,1
Georgia,1982,0,0,0,0,0,0,1
Hawaii,1982,0,0,0,0,0,0,0
Iowa,1982,0,0,0,2,0,0,1
Idaho,1982,0,0,0,0,0,0,0
Illinois,1982,0,0,0,2,0,0,1
Indiana,1982,0,0,0,2,0,0,1
Kansas,1982,0,0,0,2,0,0,1
Kentucky,1982,0,0,0,2,0,0,1
Louisiana,1982,0,0,0,1,0,0,1
Massachusetts,1982,0,0,0,1,0,0,1
Maryland,1982,0,0,0,0,0,0,1
Maine,1982,0,0,0,0,0,0,1
Michigan,1982,0,0,0,1,0,0,1
Minnesota,1982,0,0,0,1,0,0,1
Missouri,1982,0,0,0,2,0,0,1
Mississippi,1982,0,0,0,1,0,0,1
Montana,1982,0,0,0,0,0,0,0
North Carolina,1982,0,0,0,0,0,0,1
North Dakota,1982,0,0,0,0,0,0,1
Nebraska,1982,0,0,0,1,0,0,0
New Hampshire,1982,0,0,0,0,0,0,1
New Jersey,1982,0,0,0,0,0,0,1
New Mexico,1982,0,0,0,0,0,0,0
Nevada,1982,0,0,0,0,0,0,0
New York,1982,0,0,0,0,0,0,1
Ohio,1982,0,0,0,2,0,0,1
Oklahoma,1982,0,0,0,2,0,0,1
Oregon,1982,0,0,0,0,0,0,0
Pennsylvania,1982,0,0,0,1,0,0,1
Puerto Rico,1982,0,0,0,0,0,0,0
Rhode Island,1982,0,0,0,0,0,0,1
South Carolina,1982,0,0,0,1,0,0,1
South Dakota,1982,0,0,0,0,0,0,0
Tennessee,1982,0,0,0,1,0,0,1
Texas,1982,0,0,0,2,0,0,1
Utah,1982,0,0,0,0,0,0,0
Virginia,1982,0,0,0,0,0,0,1
Virgin Islands,1982,0,0,0,0,0,0,0
Vermont,1982,0,0,0,0,0,0,1
Washington,1982,0,0,0,0,0,0,0
Wisconsin,1982,0,0,0,1,0,0,1
West Virginia,1982,0,0,0,1,0,0,1
Wyoming,1982,0,0,0,0,0,0,0
Alaska,1983,0,0,0,0,0,0,0
Alabama,1983,1,1,1,0,0,0,0
Arkansas,1983,1,1,1,0,0,0,0
Arizona,1983,0,1,0,0,0,0,0
California,1983,0,1,0,0,0,0,0
Colorado,1983,0,0,1,0,0,0,0
Connecticut,1983,0,0,1,0,0,0,0
Delaware,1983,0,0,1,0,0,0,0
Florida,1983,0,1,1,0,0,0,0
Georgia,1983,1,0,1,0,0,0,0
Hawaii,1983,0,0,0,0,0,0,0
Iowa,1983,0,0,1,0,0,0,0
Idaho,1983,0,1,1,0,0,0,0
Illinois,1983,0,0,1,0,0,0,0
Indiana,1983,0,0,1,0,0,0,0
Kansas,1983,0,0,1,0,0,0,0
Kentucky,1983,1,0,1,0,0,0,0
Louisiana,1983,1,1,1,0,0,0,0
Massachusetts,1983,0,0,1,0,0,0,0
Maryland,1983,0,0,1,0,0,0,0
Maine,1983,0,0,0,0,0,0,0
Michigan,1983,0,0,1,0,0,0,0
Minnesota,1983,0,0,1,0,0,0,0
Missouri,1983,1,0,1,0,0,0,0
Mississippi,1983,1,1,1,0,0,0,0
Montana,1983,0,1,1,0,0,0,0
North Carolina,1983,1,0,1,0,0,0,0
North Dakota,1983,0,0,1,0,0,0,0
Nebraska,1983,0,0,1,0,0,0,0
New Hampshire,1983,0,0,0,0,0,0,0
New Jersey,1983,0,0,1,0,0,0,0
New Mexico,1983,0,0,0,0,0,0,0
Nevada,1983,0,0,0,0,0,0,0
New York,1983,0,0,1,0,0,0,0
Ohio,1983,0,0,1,0,0,0,0
Oklahoma,1983,0,0,1,0,0,0,0
Oregon,1983,0,1,1,0,0,0,0
Pennsylvania,1983,0,0,1,0,0,0,0
Puerto Rico,1983,0,0,0,0,0,0,0
Rhode Island,1983,0,0,1,0,0,0,0
South Carolina,1983,1,0,1,0,0,0,0
South Dakota,1983,0,0,1,0,0,0,0
Tennessee,1983,1,0,1,0,0,0,0
Texas,1983,0,0,1,0,1,0,0
Utah,1983,0,1,1,0,0,0,0
Virginia,1983,1,0,1,0,0,0,0
Virgin Islands,1983,0,0,0,0,0,0,0
Vermont,1983,0,0,0,0,0,0,0
Washington,1983,0,1,1,0,0,0,0
Wisconsin,1983,0,0,1,0,0,0,0
West Virginia,1983,0,0,1,0,0,0,0
Wyoming,1983,0,0,1,0,0,0,0
Alaska,1984,0,0,0,0,0,0,0
Alabama,1984,0,0,0,0,0,0,0
Arkansas,1984,0,0,0,1,0,0,0
Arizona,1984,0,0,0,0,0,0,0
California,1984,0,0,0,0,0,0,0
Colorado,1984,0,0,0,1,0,0,0
Connecticut,1984,0,0,0,1,0,0,0
Delaware,1984,0,0,0,0,0,0,0
Florida,1984,0,0,0,1,0,0,0
Georgia,1984,0,0,0,1,0,0,0
Hawaii,1984,0,0,0,0,0,0,0
Iowa,1984,0,0,0,0,0,0,0
Idaho,1984,0,0,0,0,0,0,0
Illinois,1984,0,0,0,1,0,0,0
Indiana,1984,0,0,0,0,0,0,0
Kansas,1984,0,0,0,0,0,0,0
Kentucky,1984,0,0,0,0,0,0,0
Louisiana,1984,0,0,0,0,0,0,0
Massachusetts,1984,0,0,0,1,0,0,0
Maryland,1984,0,0,0,1,0,0,0
Maine,1984,0,0,0,0,0,0,0
Michigan,1984,0,0,0,0,0,0,0
Minnesota,1984,0,0,0,0,0,0,0
Missouri,1984,0,0,0,1,0,0,0
Mississippi,1984,0,0,0,0,0,0,0
Montana,1984,0,0,0,0,0,0,0
North Carolina,1984,0,0,0,1,0,0,0
North Dakota,1984,0,0,0,0,0,0,0
Nebraska,1984,0,0,0,0,0,0,0
New Hampshire,1984,0,0,0,0,0,0,0
New Jersey,1984,0,0,0,1,0,0,0
New Mexico,1984,0,0,0,0,0,0,0
Nevada,1984,0,0,0,0,0,0,0
New York,1984,0,0,0,1,0,0,0
Ohio,1984,0,0,0,0,0,0,0
Oklahoma,1984,0,0,0,0,0,0,0
Oregon,1984,0,0,0,0,0,0,0
Pennsylvania,1984,0,0,0,1,0,0,0
Puerto Rico,1984,0,0,0,0,0,0,0
Rhode Island,1984,0,0,0,1,0,0,0
South Carolina,1984,0,0,0,1,0,0,0
South Dakota,1984,0,0,0,1,0,0,0
Tennessee,1984,0,0,0,0,0,0,0
Texas,1984,0,0,0,0,0,0,0
Utah,1984,0,0,0,0,0,0,0
Virginia,1984,0,0,0,1,0,0,0
Virgin Islands,1984,0,0,0,0,0,0,0
Vermont,1984,0,0,0,0,0,0,0
Washington,1984,0,0,0,0,0,0,0
Wisconsin,1984,0,0,0,0,0,0,0
West Virginia,1984,0,0,0,0,0,0,0
Wyoming,1984,0,0,0,0,0,0,0
Alaska,1985,0,0,0,0,0,0,0
Alabama,1985,0,0,0,0,2,0,1
Arkansas,1985,0,0,0,0,0,0,1
Arizona,1985,0,0,0,0,0,0,0
California,1985,0,0,0,0,0,0,0
Colorado,1985,0,0,0,0,0,0,0
Connecticut,1985,0,0,0,0,1,0,1
Delaware,1985,0,0,0,0,1,0,1
Florida,1985,0,0,1,0,2,0,1
Georgia,1985,0,0,0,0,0,0,1
Hawaii,1985,0,0,0,0,0,0,0
Iowa,1985,0,0,0,0,0,0,1
Idaho,1985,0,0,0,0,0,0,0
Illinois,1985,0,0,0,0,0,0,1
Indiana,1985,0,0,0,0,0,0,1
Kansas,1985,0,0,0,0,0,0,0
Kentucky,1985,0,0,0,0,0,0,1
Louisiana,1985,0,0,0,0,2,0,1
Massachusetts,1985,0,0,0,0,1,0,0
Maryland,1985,0,1,0,0,1,0,1
Maine,1985,0,0,0,0,1,0,0
Michigan,1985,0,0,0,0,0,0,1
Minnesota,1985,0,0,0,0,0,0,1
Missouri,1985,0,0,0,0,0,0,1
Mississippi,1985,0,0,0,0,2,0,1
Montana,1985,0,0,0,0,0,0,0
North Carolina,1985,0,0,0,0,1,0,1
North Dakota,1985,0,0,0,0,0,0,0
Nebraska,1985,0,0,0,0,0,0,0
New Hampshire,1985,0,0,0,0,1,0,0
New Jersey,1985,0,0,0,0,1,0,1
New Mexico,1985,0,0,0,0,0,0,0
Nevada,1985,0,0,0,0,0,0,0
New York,1985,0,0,0,0,1,0,1
Ohio,1985,0,0,0,0,0,0,1
Oklahoma,1985,0,0,0,0,0,0,1
Oregon,1985,0,0,0,0,0,0,0
Pennsylvania,1985,0,1,0,0,1,0,1
Puerto Rico,1985,0,0,0,0,0,0,0
Rhode Island,1985,0,0,0,0,1,0,1
South Carolina,1985,0,0,0,0,0,0,1
South Dakota,1985,0,0,0,0,0,0,0
Tennessee,1985,0,0,0,0,0,0,1
Texas,1985,0,0,0,0,0,0,1
Utah,1985,0,0,0,0,0,0,0
Virginia,1985,0,1,0,0,1,0,1
Virgin Islands,1985,0,0,0,0,0,0,0
Vermont,1985,0,0,0,0,1,0,0
Washington,1985,0,0,0,0,0,0,0
Wisconsin,1985,0,0,0,0,0,0,1
West Virginia,1985,0,1,0,0,0,0,1
Wyoming,1985,0,0,0,0,0,0,0
Alaska,1986,0,0,0,0,0,0,0
Alabama,1986,1,0,0,0,0,0,0
Arkansas,1986,1,0,0,0,0,0,0
Arizona,1986,0,0,0,0,0,0,0
California,1986,0,0,0,1,0,0,0
Colorado,1986,0,0,0,1,0,0,0
Connecticut,1986,0,0,0,0,0,0,0
Delaware,1986,0,0,0,0,0,0,0
Florida,1986,0,0,0,0,0,0,0
Georgia,1986,1,0,0,0,0,0,0
Hawaii,1986,0,0,0,0,0,0,0
Iowa,1986,0,0,0,0,0,0,0
Idaho,1986,0,0,0,0,0,0,0
Illinois,1986,0,0,0,0,0,0,0
Indiana,1986,0,0,0,0,0,0,0
Kansas,1986,0,0,0,0,0,0,0
Kentucky,1986,0,0,0,0,0,0,0
Louisiana,1986,1,0,0,0,0,0,0
Massachusetts,1986,0,0,0,0,0,0,0
Maryland,1986,0,0,0,0,0,0,0
Maine,1986,0,0,0,0,0,0,0
Michigan,1986,0,0,0,0,0,0,0
Minnesota,1986,0,0,0,0,0,0,0
Missouri,1986,0,0,0,0,0,0,0
Mississippi,1986,1,0,0,0,0,0,0
Montana,1986,0,0,0,0,0,0,0
North Carolina,1986,1,0,0,0,0,0,0
North Dakota,1986,0,0,0,0,0,0,0
Nebraska,1986,0,0,0,0,0,0,0
New Hampshire,1986,0,0,0,0,0,0,0
New Jersey,1986,0,0,0,0,0,0,0
New Mexico,1986,0,0,0,0,0,0,0
Nevada,1986,0,0,0,1,0,0,0
New York,1986,0,0,0,0,0,0,0
Ohio,1986,0,0,0,0,0,0,0
Oklahoma,1986,0,0,0,0,0,0,0
Oregon,1986,0,0,0,1,0,0,0
Pennsylvania,1986,0,0,0,0,0,0,0
Puerto Rico,1986,0,0,0,0,0,0,0
Rhode Island,1986,0,0,0,0,0,0,0
South Carolina,1986,1,0,0,0,0,0,0
South Dakota,1986,0,0,0,0,0,0,0
Tennessee,1986,1,0,0,0,0,0,0
Texas,1986,0,0,0,0,0,0,0
Utah,1986,0,0,0,0,0,0,0
Virginia,1986,1,0,0,0,0,0,0
Virgin Islands,1986,0,0,0,0,0,0,0
Vermont,1986,0,0,0,0,0,0,0
Washington,1986,0,0,0,0,0,0,0
Wisconsin,1986,0,0,0,0,0,0,0
West Virginia,1986,0,0,0,0,0,0,0
Wyoming,1986,0,0,0,1,0,0,0
Alaska,1987,0,0,0,0,0,0,0
Alabama,1987,0,0,0,0,0,0,0
Arkansas,1987,0,0,0,0,0,0,0
Arizona,1987,0,0,0,0,0,0,0
California,1987,0,0,0,0,0,0,0
Colorado,1987,0,0,0,0,0,0,0
Connecticut,1987,0,0,0,0,0,0,0
Delaware,1987,0,0,0,0,0,0,0
Florida,1987,0,0,0,0,0,0,0
Georgia,1987,0,0,0,0,0,0,0
Hawaii,1987,0,0,0,0,0,0,0
Iowa,1987,0,0,0,0,0,0,0
Idaho,1987,0,0,0,0,0,0,0
Illinois,1987,0,0,0,0,0,0,0
Indiana,1987,0,0,0,0,0,0,0
Kansas,1987,0,0,0,0,0,0,0
Kentucky,1987,0,0,0,0,0,0,0
Louisiana,1987,0,0,0,0,0,0,0
Massachusetts,1987,0,0,0,0,0,0,0
Maryland,1987,0,0,0,0,0,0,0
Maine,1987,0,0,0,0,0,0,0
Michigan,1987,0,0,0,0,0,0,0
Minnesota,1987,0,0,0,0,0,0,0
Missouri,1987,0,0,0,0,0,0,0
Mississippi,1987,0,0,0,0,0,0,0
Montana,1987,0,0,0,0,0,0,0
North Carolina,1987,0,0,0,0,0,0,0
North Dakota,1987,0,0,0,0,0,0,0
Nebraska,1987,0,0,0,0,0,0,0
New Hampshire,1987,0,0,0,0,0,0,0
New Jersey,1987,0,0,0,0,0,0,0
New Mexico,1987,0,0,0,0,0,0,0
Nevada,1987,0,0,0,0,0,0,0
New York,1987,0,0,0,0,0,0,0
Ohio,1987,0,0,0,0,0,0,0
Oklahoma,1987,0,0,0,0,0,0,0
Oregon,1987,0,0,0,0,0,0,0
Pennsylvania,1987,0,0,0,0,0,0,0
Puerto Rico,1987,0,0,0,0,0,0,0
Rhode Island,1987,0,0,0,0,0,0,0
South Carolina,1987,0,0,0,0,0,0,0
South Dakota,1987,0,0,0,0,0,0,0
Tennessee,1987,0,0,0,0,0,0,0
Texas,1987,0,0,0,0,0,0,0
Utah,1987,0,0,0,0,0,0,0
Virginia,1987,0,0,0,0,0,0,0
Virgin Islands,1987,0,0,0,0,0,0,0
Vermont,1987,0,0,0,0,0,0,0
Washington,1987,0,0,0,0,0,0,0
Wisconsin,1987,0,0,0,0,0,0,0
West Virginia,1987,0,0,0,0,0,0,0
Wyoming,1987,0,0,0,0,0,0,0
Alaska,1988,0,0,0,0,0,0,0
Alabama,1988,1,0,0,0,0,0,0
Arkansas,1988,1,0,0,0,0,0,0
Arizona,1988,0,0,0,0,0,0,0
California,1988,0,0,0,0,0,0,0
Colorado,1988,0,0,0,0,0,0,0
Connecticut,1988,0,0,0,0,0,0,0
Delaware,1988,0,0,0,0,0,0,0
Florida,1988,0,0,0,0,0,0,0
Georgia,1988,0,0,0,0,0,0,0
Hawaii,1988,0,0,0,0,0,0,0
Iowa,1988,1,0,0,0,0,0,0
Idaho,1988,1,0,0,0,0,0,0
Illinois,1988,1,0,0,0,0,0,0
Indiana,1988,1,0,0,0,0,0,0
Kansas,1988,1,0,0,0,0,0,0
Kentucky,1988,1,0,0,0,0,0,0
Louisiana,1988,1,0,0,0,0,0,0
Massachusetts,1988,0,0,0,0,0,0,0
Maryland,1988,1,0,0,0,0,0,0
Maine,1988,0,0,0,0,0,0,0
Michigan,1988,1,0,0,0,0,0,0
Minnesota,1988,1,0,0,0,0,0,0
Missouri,1988,1,0,0,0,0,0,0
Mississippi,1988,1,0,0,0,0,0,0
Montana,1988,1,0,0,0,0,0,0
North Carolina,1988,0,0,0,0,0,0,0
North Dakota,1988,1,0,0,0,0,0,0
Nebraska,1988,1,0,0,0,0,0,0
New Hampshire,1988,0,0,0,0,0,0,0
New Jersey,1988,0,0,0,0,0,0,0
New Mexico,1988,0,0,0,0,0,0,0
Nevada,1988,0,0,0,0,0,0,0
New York,1988,0,0,0,0,0,0,0
Ohio,1988,1,0,0,0,0,0,0
Oklahoma,1988,1,0,0,0,0,0,0
Oregon,1988,0,0,0,0,0,0,0
Pennsylvania,1988,0,0,0,0,0,0,0
Puerto Rico,1988,0,0,0,0,0,0,0
Rhode Island,1988,0,0,0,0,0,0,0
South Carolina,1988,0,0,0,0,0,0,0
South Dakota,1988,1,0,0,0,0,0,0
Tennessee,1988,1,0,0,0,0,0,0
Texas,1988,1,0,0,0,0,0,0
Utah,1988,0,0,0,0,0,0,0
Virginia,1988,0,0,0,0,0,0,0
Virgin Islands,1988,0,0,0,0,0,0,0
Vermont,1988,0,0,0,0,0,0,0
Washington,1988,0,0,0,0,0,0,0
Wisconsin,1988,1,0,0,0,0,0,0
West Virginia,1988,1,0,0,0,0,0,0
Wyoming,1988,1,0,0,0,0,0,0
Alaska,1989,0,0,0,0,0,0,0
Alabama,1989,0,0,0,0,0,0,1
Arkansas,1989,0,0,0,0,0,0,1
Arizona,1989,0,0,0,0,0,0,0
California,1989,0,0,0,0,0,0,0
Colorado,1989,1,0,0,0,0,0,0
Connecticut,1989,0,0,0,0,0,0,1
Delaware,1989,0,0,0,0,0,0,0
Florida,1989,0,0,1,0,0,0,1
Georgia,1989,0,0,0,1,0,0,1
Hawaii,1989,0,0,0,0,0,0,0
Iowa,1989,1,0,0,0,0,0,0
Idaho,1989,0,0,0,0,0,0,0
Illinois,1989,1,0,0,0,0,0,1
Indiana,1989,0,0,0,0,0,0,1
Kansas,1989,1,0,0,0,0,0,0
Kentucky,1989,0,0,0,0,0,0,1
Louisiana,1989,0,0,0,1,0,0,1
Massachusetts,1989,0,0,0,0,0,0,0
Maryland,1989,0,0,0,0,0,0,0
Maine,1989,0,0,0,0,0,0,1
Michigan,1989,0,0,0,0,0,0,0
Minnesota,1989,0,0,0,0,0,0,0
Missouri,1989,1,0,0,0,0,0,1
Mississippi,1989,0,0,0,1,0,0,1
Montana,1989,0,0,0,0,0,0,0
North Carolina,1989,0,0,0,1,1,0,1
North Dakota,1989,1,0,0,0,0,0,0
Nebraska,1989,1,0,0,0,0,0,0
New Hampshire,1989,0,0,0,0,0,0,1
New Jersey,1989,0,0,0,0,0,0,0
New Mexico,1989,0,0,0,0,0,0,0
Nevada,1989,1,0,0,0,0,0,0
New York,1989,0,0,0,0,0,0,1
Ohio,1989,0,0,0,0,0,0,1
Oklahoma,1989,0,0,0,1,0,0,1
Oregon,1989,0,0,0,0,0,0,0
Pennsylvania,1989,0,0,0,0,0,0,1
Puerto Rico,1989,0,0,0,0,1,0,0
Rhode Island,1989,0,0,0,0,0,0,0
South Carolina,1989,0,0,0,1,1,0,1
South Dakota,1989,1,0,0,0,0,0,0
Tennessee,1989,0,0,0,0,0,0,1
Texas,1989,1,0,0,1,0,0,1
Utah,1989,1,0,0,0,0,0,0
Virginia,1989,0,0,0,1,1,0,1
Virgin Islands,1989,0,0,0,0,1,0,0
Vermont,1989,0,0,0,0,0,0,1
Washington,1989,0,0,0,0,0,0,0
Wisconsin,1989,0,0,0,0,0,0,0
West Virginia,1989,0,0,0,0,0,0,1
Wyoming,1989,0,0,0,0,0,0,0
Alaska,1990,0,0,0,0,0,0,0
Alabama,1990,0,0,0,0,0,0,0
Arkansas,1990,0,1,0,0,0,0,0
Arizona,1990,0,0,0,0,0,0,0
California,1990,0,0,1,0,0,0,0
Colorado,1990,0,0,0,1,0,0,0
Connecticut,1990,0,0,0,0,0,0,0
Delaware,1990,0,0,0,0,0,0,0
Florida,1990,0,0,0,0,0,0,0
Georgia,1990,0,0,0,0,0,0,0
Hawaii,1990,0,0,0,0,0,0,0
Iowa,1990,0,0,0,0,0,0,0
Idaho,1990,0,0,0,0,0,0,0
Illinois,1990,0,0,0,0,0,0,0
Indiana,1990,0,0,0,0,0,0,0
Kansas,1990,0,0,0,0,0,0,0
Kentucky,1990,0,0,0,0,0,0,0
Louisiana,1990,0,1,0,0,0,0,0
Massachusetts,1990,0,0,0,0,0,0,0
Maryland,1990,0,0,0,0,0,0,0
Maine,1990,0,0,0,0,0,0,0
Michigan,1990,0,0,0,0,0,0,0
Minnesota,1990,0,0,0,0,0,0,0
Missouri,1990,0,0,0,0,0,0,0
Mississippi,1990,0,0,0,0,0,0,0
Montana,1990,0,0,0,0,0,0,0
North Carolina,1990,0,0,0,0,0,0,0
North Dakota,1990,0,0,0,0,0,0,0
Nebraska,1990,0,0,0,0,0,0,0
New Hampshire,1990,0,0,0,0,0,0,0
New Jersey,1990,0,0,0,0,0,0,0
New Mexico,1990,0,0,0,0,0,0,0
Nevada,1990,0,0,0,0,0,0,0
New York,1990,0,0,0,0,0,0,0
Ohio,1990,0,0,0,0,0,0,0
Oklahoma,1990,0,1,0,0,0,0,0
Oregon,1990,0,0,0,0,0,0,0
Pennsylvania,1990,0,0,0,0,0,0,0
Puerto Rico,1990,0,0,0,0,0,0,0
Rhode Island,1990,0,0,0,0,0,0,0
South Carolina,1990,0,0,0,0,0,0,0
South Dakota,1990,0,0,0,0,0,0,0
Tennessee,1990,0,0,0,0,0,0,0
Texas,1990,0,1,0,0,0,0,0
Utah,1990,0,0,0,0,0,0,0
Virginia,1990,0,0,0,0,0,0,0
Virgin Islands,1990,0,0,0,0,0,0,0
Vermont,1990,0,0,0,0,0,0,0
Washington,1990,0,0,0,0,0,0,0
Wisconsin,1990,0,0,0,0,0,0,0
West Virginia,1990,0,0,0,0,0,0,0
Wyoming,1990,0,0,0,0,0,0,0
Alaska,1991,0,0,0,0,0,0,0
Alabama,1991,0,0,0,1,0,0,0
Arkansas,1991,0,0,0,0,0,0,0
Arizona,1991,0,0,0,0,0,0,0
California,1991,0,0,0,0,0,1,0
Colorado,1991,0,0,0,0,0,0,0
Connecticut,1991,0,0,0,0,1,0,0
Delaware,1991,0,0,0,0,0,0,0
Florida,1991,0,0,0,0,0,0,0
Georgia,1991,0,0,0,1,0,0,0
Hawaii,1991,0,0,0,0,0,0,0
Iowa,1991,1,0,0,0,0,0,0
Idaho,1991,0,0,0,0,0,0,0
Illinois,1991,1,0,0,1,0,0,0
Indiana,1991,1,0,0,1,0,0,0
Kansas,1991,1,0,0,1,0,0,0
Kentucky,1991,0,0,0,1,0,0,0
Louisiana,1991,0,0,0,0,0,0,0
Massachusetts,1991,0,0,0,0,1,0,0
Maryland,1991,0,0,0,0,0,0,0
Maine,1991,0,0,0,0,1,0,0
Michigan,1991,0,0,0,1,0,0,0
Minnesota,1991,1,0,0,0,0,0,0
Missouri,1991,1,0,0,1,0,0,0
Mississippi,1991,0,0,0,0,0,0,0
Montana,1991,0,0,0,0,0,0,0
North Carolina,1991,0,0,0,1,1,0,0
North Dakota,1991,0,0,0,0,0,0,0
Nebraska,1991,0,0,0,0,0,0,0
New Hampshire,1991,0,0,0,0,0,0,0
New Jersey,1991,0,0,0,0,0,0,0
New Mexico,1991,0,0,0,0,0,0,0
Nevada,1991,0,0,0,0,0,0,0
New York,1991,0,0,0,1,1,0,0
Ohio,1991,1,0,0,1,0,0,0
Oklahoma,1991,1,0,0,0,0,0,0
Oregon,1991,1,0,0,0,0,0,0
Pennsylvania,1991,1,0,0,1,0,0,0
Puerto Rico,1991,0,0,0,0,0,0,0
Rhode Island,1991,0,0,0,0,1,0,0
South Carolina,1991,0,0,0,1,0,0,0
South Dakota,1991,0,0,0,0,0,0,0
Tennessee,1991,0,0,0,1,0,0,0
Texas,1991,0,0,0,0,0,0,0
Utah,1991,0,0,0,0,0,0,0
Virginia,1991,0,0,0,0,0,0,0
Virgin Islands,1991,0,0,0,0,0,0,0
Vermont,1991,0,0,0,0,0,0,0
Washington,1991,1,0,0,0,0,0,0
Wisconsin,1991,0,0,0,0,0,0,0
West Virginia,1991,1,0,0,0,0,0,0
Wyoming,1991,0,0,0,0,0,0,0
Alaska,1992,0,0,0,0,0,0,0
Alabama,1992,0,0,0,1,0,0,0
Arkansas,1992,0,0,0,1,0,0,0
Arizona,1992,0,0,0,0,0,0,0
California,1992,0,0,0,0,0,0,0
Colorado,1992,0,0,0,0,0,0,0
Connecticut,1992,0,0,0,0,0,0,1
Delaware,1992,0,0,0,0,0,0,1
Florida,1992,0,0,0,1,1,0,0
Georgia,1992,0,0,0,1,0,0,0
Hawaii,1992,0,0,0,0,1,0,0
Iowa,1992,0,0,0,0,0,0,0
Idaho,1992,0,0,0,0,0,0,0
Illinois,1992,0,0,0,0,0,0,0
Indiana,1992,0,0,0,1,0,0,0
Kansas,1992,0,0,0,1,0,0,0
Kentucky,1992,0,0,0,1,0,0,0
Louisiana,1992,0,0,0,2,1,0,0
Massachusetts,1992,0,0,0,0,0,0,1
Maryland,1992,0,0,0,0,0,0,1
Maine,1992,0,0,0,0,0,0,0
Michigan,1992,0,0,0,0,0,0,0
Minnesota,1992,0,0,0,0,0,0,0
Missouri,1992,0,0,0,0,0,0,0
Mississippi,1992,0,0,0,1,0,0,0
Montana,1992,0,0,0,0,0,0,0
North Carolina,1992,0,0,0,1,0,0,0
North Dakota,1992,0,0,0,0,0,0,0
Nebraska,1992,0,0,0,0,0,0,0
New Hampshire,1992,0,0,0,0,0,0,0
New Jersey,1992,0,0,0,0,0,0,1
New Mexico,1992,0,0,0,0,0,0,0
Nevada,1992,0,0,0,0,0,0,0
New York,1992,0,0,0,0,0,0,1
Ohio,1992,0,0,0,1,0,0,0
Oklahoma,1992,0,0,0,2,0,0,0
Oregon,1992,0,0,0,0,0,0,0
Pennsylvania,1992,0,0,0,0,0,0,1
Puerto Rico,1992,0,0,0,0,0,0,0
Rhode Island,1992,0,0,0,0,0,0,1
South Carolina,1992,0,0,0,0,0,0,0
South Dakota,1992,0,0,0,0,0,0,0
Tennessee,1992,0,0,0,1,0,0,0
Texas,1992,0,0,0,3,0,0,0
Utah,1992,0,0,0,0,0,0,0
Virginia,1992,0,0,0,0,0,0,1
Virgin Islands,1992,0,0,0,0,0,0,0
Vermont,1992,0,0,0,0,0,0,0
Washington,1992,0,0,0,0,0,0,0
Wisconsin,1992,0,0,0,0,0,0,0
West Virginia,1992,0,0,0,0,0,0,1
Wyoming,1992,0,0,0,0,0,0,0
Alaska,1993,0,0,0,0,0,0,0
Alabama,1993,1,0,0,0,0,0,1
Arkansas,1993,0,0,0,0,0,0,0
Arizona,1993,0,0,0,0,0,0,0
California,1993,0,0,0,0,0,1,0
Colorado,1993,0,0,0,0,0,0,0
Connecticut,1993,0,0,0,0,0,0,1
Delaware,1993,0,0,0,0,0,0,1
Florida,1993,1,0,0,0,0,0,1
Georgia,1993,1,0,0,0,0,0,1
Hawaii,1993,0,0,0,0,0,0,0
Iowa,1993,0,1,0,1,0,0,0
Idaho,1993,0,0,0,0,0,0,0
Illinois,1993,0,1,0,1,0,0,0
Indiana,1993,0,1,0,0,0,0,0
Kansas,1993,0,1,0,1,0,0,0
Kentucky,1993,0,0,0,0,0,0,1
Louisiana,1993,0,0,0,0,0,0,1
Massachusetts,1993,0,0,0,0,0,0,1
Maryland,1993,1,0,0,0,0,0,1
Maine,1993,0,0,0,0,0,0,1
Michigan,1993,0,0,0,0,0,0,0
Minnesota,1993,0,1,0,1,0,0,0
Missouri,1993,0,1,0,1,0,0,0
Mississippi,1993,0,0,0,0,0,0,1
Montana,1993,0,0,0,0,0,0,0
North Carolina,1993,1,0,0,0,0,0,1
North Dakota,1993,0,1,0,1,0,0,0
Nebraska,1993,0,1,0,1,0,0,0
New Hampshire,1993,0,0,0,0,0,0,1
New Jersey,1993,0,0,0,0,0,0,1
New Mexico,1993,0,0,0,0,0,0,0
Nevada,1993,0,0,0,0,0,0,0
New York,1993,0,0,0,0,0,0,1
Ohio,1993,0,0,0,1,0,0,1
Oklahoma,1993,0,0,0,0,0,0,0
Oregon,1993,0,0,0,0,0,0,0
Pennsylvania,1993,0,0,0,0,0,0,1
Puerto Rico,1993,0,0,0,0,0,0,0
Rhode Island,1993,0,0,0,0,0,0,1
South Carolina,1993,1,0,0,0,0,0,1
South Dakota,1993,0,1,0,0,0,0,0
Tennessee,1993,1,0,0,0,0,0,1
Texas,1993,0,0,0,0,0,0,1
Utah,1993,0,0,0,0,0,0,0
Virginia,1993,1,0,0,0,0,0,1
Virgin Islands,1993,0,0,0,0,0,0,0
Vermont,1993,0,0,0,0,0,0,1
Washington,1993,0,0,0,0,0,0,0
Wisconsin,1993,0,1,0,0,0,0,0
West Virginia,1993,0,0,0,0,0,0,1
Wyoming,1993,0,0,0,0,0,0,0
Alaska,1994,0,0,0,0,0,0,0
Alabama,1994,0,0,0,0,1,0,1
Arkansas,1994,0,0,0,1,0,0,1
Arizona,1994,0,0,0,0,0,1,0
California,1994,0,0,0,0,0,1,0
Colorado,1994,0,0,0,1,0,1,0
Connecticut,1994,0,0,0,0,0,0,2
Delaware,1994,0,0,0,0,0,0,2
Florida,1994,0,0,0,0,1,0,0
Georgia,1994,0,0,0,0,1,0,1
Hawaii,1994,0,0,0,0,0,0,0
Iowa,1994,0,0,0,1,0,0,0
Idaho,1994,0,0,0,0,0,0,0
Illinois,1994,0,0,0,1,0,0,1
Indiana,1994,0,0,0,1,0,0,1
Kansas,1994,0,0,0,1,0,0,0
Kentucky,1994,0,0,0,0,0,0,2
Louisiana,1994,0,0,0,0,0,0,1
Massachusetts,1994,0,0,0,0,0,0,2
Maryland,1994,0,0,0,0,0,0,2
Maine,1994,0,0,0,0,0,0,1
Michigan,1994,0,0,0,0,0,0,0
Minnesota,1994,0,0,0,1,0,0,0
Missouri,1994,0,0,0,1,0,0,0
Mississippi,1994,0,0,0,0,0,0,1
Montana,1994,0,0,0,0,0,0,0
North Carolina,1994,0,0,0,0,0,0,2
North Dakota,1994,0,0,0,0,0,0,0
Nebraska,1994,0,0,0,1,0,0,0
New Hampshire,1994,0,0,0,0,0,0,1
New Jersey,1994,0,0,0,0,0,0,2
New Mexico,1994,0,0,0,0,0,1,0
Nevada,1994,0,0,0,0,0,1,0
New York,1994,0,0,0,0,0,0,2
Ohio,1994,0,0,0,0,0,0,1
Oklahoma,1994,0,0,0,1,0,0,0
Oregon,1994,0,0,0,0,0,1,0
Pennsylvania,1994,0,0,0,0,0,0,2
Puerto Rico,1994,0,0,0,0,0,0,0
Rhode Island,1994,0,0,0,0,0,0,2
South Carolina,1994,0,0,0,0,0,0,2
South Dakota,1994,0,0,0,1,0,0,0
Tennessee,1994,0,0,0,0,0,0,2
Texas,1994,0,1,0,1,0,1,1
Utah,1994,0,0,0,0,0,1,0
Virginia,1994,0,0,0,0,0,0,2
Virgin Islands,1994,0,0,0,0,0,0,0
Vermont,1994,0,0,0,0,0,0,1
Washington,1994,0,0,0,0,0,1,0
Wisconsin,1994,0,0,0,0,0,0,0
West Virginia,1994,0,0,0,0,0,0,2
Wyoming,1994,0,0,0,0,0,0,0
Alaska,1995,0,0,0,0,0,0,0
Alabama,1995,1,0,0,0,2,0,0
Arkansas,1995,1,0,0,0,0,0,0
Arizona,1995,0,0,0,0,0,0,0
California,1995,0,1,0,0,0,0,0
Colorado,1995,0,0,0,0,0,0,0
Connecticut,1995,0,0,0,0,0,0,0
Delaware,1995,1,0,0,0,0,0,0
Florida,1995,0,0,0,0,2,0,0
Georgia,1995,1,0,0,0,1,0,0
Hawaii,1995,0,0,0,0,0,0,0
Iowa,1995,0,0,0,0,0,0,0
Idaho,1995,0,0,0,0,0,0,0
Illinois,1995,1,0,0,1,0,0,0
Indiana,1995,1,0,0,0,0,0,0
Kansas,1995,0,0,0,0,0,0,0
Kentucky,1995,0,0,0,0,0,0,0
Louisiana,1995,1,0,0,1,0,0,0
Massachusetts,1995,0,0,0,0,0,0,0
Maryland,1995,1,0,0,0,0,0,0
Maine,1995,0,0,0,0,0,0,0
Michigan,1995,0,0,0,0,0,0,0
Minnesota,1995,0,0,0,0,0,0,0
Missouri,1995,0,0,0,1,0,0,0
Mississippi,1995,1,0,0,1,1,0,0
Montana,1995,0,0,0,0,0,0,0
North Carolina,1995,0,0,0,0,1,0,0
North Dakota,1995,0,0,0,0,0,0,0
Nebraska,1995,0,0,0,0,0,0,0
New Hampshire,1995,0,0,0,0,0,0,0
New Jersey,1995,1,0,0,0,0,0,0
New Mexico,1995,1,0,0,0,0,0,0
Nevada,1995,0,0,0,0,0,0,0
New York,1995,0,0,0,0,0,0,0
Ohio,1995,1,0,0,0,0,0,0
Oklahoma,1995,0,0,0,1,0,0,0
Oregon,1995,0,0,0,0,0,0,0
Pennsylvania,1995,1,0,0,0,0,0,0
Puerto Rico,1995,0,0,0,0,1,0,0
Rhode Island,1995,0,0,0,0,0,0,0
South Carolina,1995,0,0,0,0,1,0,0
South Dakota,1995,0,0,0,0,0,0,0
Tennessee,1995,0,0,0,0,1,0,0
Texas,1995,1,0,0,1,0,0,0
Utah,1995,0,0,0,0,0,0,0
Virginia,1995,1,0,0,0,0,0,0
Virgin Islands,1995,0,0,0,0,1,0,0
Vermont,1995,0,0,0,0,0,0,0
Washington,1995,0,0,0,0,0,0,0
Wisconsin,1995,1,0,0,0,0,0,0
West Virginia,1995,0,0,0,0,0,0,0
Wyoming,1995,0,0,0,0,0,0,0
Alaska,1996,0,0,0,0,0,0,0
Alabama,1996,0,0,0,0,0,0,0
Arkansas,1996,0,0,0,0,0,0,1
Arizona,1996,0,0,0,0,0,0,0
California,1996,0,0,0,0,0,0,0
Colorado,1996,1,0,0,0,0,0,0
Connecticut,1996,0,0,0,0,0,0,1
Delaware,1996,0,0,0,0,0,0,1
Florida,1996,0,0,0,0,0,0,0
Georgia,1996,0,0,0,0,0,0,0
Hawaii,1996,0,0,0,0,0,0,0
Iowa,1996,0,0,0,0,0,0,0
Idaho,1996,0,1,0,0,0,0,0
Illinois,1996,0,0,0,0,0,0,0
Indiana,1996,0,0,0,0,0,0,0
Kansas,1996,1,0,0,0,0,0,0
Kentucky,1996,0,0,0,0,0,0,1
Louisiana,1996,0,0,0,0,0,0,0
Massachusetts,1996,0,0,0,0,0,0,1
Maryland,1996,0,0,0,0,1,0,1
Maine,1996,0,0,0,0,0,0,0
Michigan,1996,0,0,0,0,0,0,0
Minnesota,1996,0,0,0,0,0,0,0
Missouri,1996,0,0,0,0,0,0,1
Mississippi,1996,0,0,0,0,0,0,0
Montana,1996,0,1,0,0,0,0,0
North Carolina,1996,0,0,0,0,1,0,1
North Dakota,1996,0,0,0,0,0,0,0
Nebraska,1996,0,0,0,0,0,0,0
New Hampshire,1996,0,0,0,0,0,0,0
New Jersey,1996,0,0,0,0,0,0,1
New Mexico,1996,1,0,0,0,0,0,0
Nevada,1996,0,0,0,0,0,0,0
New York,1996,0,0,0,0,0,0,1
Ohio,1996,0,0,0,0,1,0,1
Oklahoma,1996,1,0,0,0,0,0,0
Oregon,1996,0,1,0,0,0,0,0
Pennsylvania,1996,0,0,0,0,1,0,1
Puerto Rico,1996,0,0,0,0,0,0,0
Rhode Island,1996,0,0,0,0,0,0,1
South Carolina,1996,0,0,0,0,1,0,1
South Dakota,1996,0,0,0,0,0,0,0
Tennessee,1996,0,0,0,0,0,0,1
Texas,1996,1,0,0,0,0,0,1
Utah,1996,0,0,0,0,0,0,0
Virginia,1996,0,0,0,0,1,0,1
Virgin Islands,1996,0,0,0,0,0,0,0
Vermont,1996,0,0,0,0,0,0,0
Washington,1996,0,1,0,0,0,0,0
Wisconsin,1996,0,0,0,0,0,0,0
West Virginia,1996,0,0,0,0,1,0,1
Wyoming,1996,0,0,0,0,0,0,0
Alaska,1997,0,0,0,0,0,0,0
Alabama,1997,0,0,0,0,0,0,0
Arkansas,1997,0,0,0,1,0,0,0
Arizona,1997,0,0,0,0,0,0,0
California,1997,0,1,0,0,0,0,0
Colorado,1997,0,0,0,0,0,0,0
Connecticut,1997,0,0,0,1,0,0,0
Delaware,1997,0,0,0,0,0,0,0
Florida,1997,0,0,0,0,0,0,0
Georgia,1997,0,0,0,1,0,0,0
Hawaii,1997,0,0,0,0,0,0,0
Iowa,1997,0,0,0,0,0,0,0
Idaho,1997,0,1,0,0,0,0,0
Illinois,1997,0,0,0,0,0,0,0
Indiana,1997,0,0,0,0,0,0,0
Kansas,1997,0,0,0,0,0,0,0
Kentucky,1997,0,0,0,1,0,0,0
Louisiana,1997,0,0,0,0,0,0,0
Massachusetts,1997,0,0,0,1,0,0,0
Maryland,1997,0,0,0,0,0,0,0
Maine,1997,0,0,0,1,0,0,0
Michigan,1997,0,0,0,0,0,0,0
Minnesota,1997,0,1,0,0,0,0,0
Missouri,1997,0,0,0,0,0,0,0
Mississippi,1997,0,0,0,1,0,0,0
Montana,1997,0,1,0,0,0,0,0
North Carolina,1997,0,0,0,1,0,0,0
North Dakota,1997,0,1,0,0,0,0,0
Nebraska,1997,0,0,0,0,0,0,0
New Hampshire,1997,0,0,0,1,0,0,0
New Jersey,1997,0,0,0,1,0,0,0
New Mexico,1997,0,0,0,0,0,0,0
Nevada,1997,0,1,0,0,0,0,0
New York,1997,0,0,0,1,0,0,0
Ohio,1997,0,0,0,1,0,0,0
Oklahoma,1997,0,0,0,0,0,0,0
Oregon,1997,0,1,0,0,0,0,0
Pennsylvania,1997,0,0,0,1,0,0,0
Puerto Rico,1997,0,0,0,0,0,0,0
Rhode Island,1997,0,0,0,1,0,0,0
South Carolina,1997,0,0,0,0,0,0,0
South Dakota,1997,0,1,0,0,0,0,0
Tennessee,1997,0,0,0,1,0,0,0
Texas,1997,0,0,0,1,0,0,0
Utah,1997,0,0,0,0,0,0,0
Virginia,1997,0,0,0,0,0,0,0
Virgin Islands,1997,0,0,0,0,0,0,0
Vermont,1997,0,0,0,1,0,0,0
Washington,1997,0,1,0,0,0,0,0
Wisconsin,1997,0,0,0,0,0,0,0
West Virginia,1997,0,0,0,1,0,0,0
Wyoming,1997,0,0,0,0,0,0,0
Alaska,1998,0,0,0,0,0,0,0
Alabama,1998,1,0,0,1,1,0,0
Arkansas,1998,1,0,0,0,0,0,0
Arizona,1998,0,0,0,0,0,0,0
California,1998,0,0,1,1,0,0,0
Colorado,1998,0,0,0,0,0,0,0
Connecticut,1998,0,0,0,0,0,0,0
Delaware,1998,0,0,0,0,0,0,0
Florida,1998,1,0,0,1,1,0,0
Georgia,1998,1,0,0,1,0,0,0
Hawaii,1998,0,0,0,0,0,0,0
Iowa,1998,0,0,0,1,0,0,0
Idaho,1998,0,0,0,0,0,0,0
Illinois,1998,0,0,0,0,0,0,0
Indiana,1998,0,0,0,0,0,0,0
Kansas,1998,0,0,0,0,0,0,0
Kentucky,1998,0,0,0,1,0,0,0
Louisiana,1998,1,0,0,1,2,0,0
Massachusetts,1998,0,0,0,1,0,0,0
Maryland,1998,0,0,0,1,0,0,0
Maine,1998,0,0,0,0,0,0,1
Michigan,1998,0,0,0,1,0,0,0
Minnesota,1998,0,0,0,2,0,0,0
Missouri,1998,0,0,0,0,0,0,0
Mississippi,1998,1,0,0,1,1,0,0
Montana,1998,0,0,0,0,0,0,0
North Carolina,1998,1,0,0,2,1,0,0
North Dakota,1998,0,0,0,0,0,0,0
Nebraska,1998,0,0,0,0,0,0,0
New Hampshire,1998,0,0,0,1,0,0,1
New Jersey,1998,0,0,0,1,0,0,0
New Mexico,1998,0,0,0,0,0,0,0
Nevada,1998,0,0,0,0,0,0,0
New York,1998,0,0,0,1,0,0,1
Ohio,1998,0,0,0,1,0,0,0
Oklahoma,1998,1,0,0,0,0,0,0
Oregon,1998,0,0,0,0,0,0,0
Pennsylvania,1998,0,0,0,1,0,0,0
Puerto Rico,1998,0,0,0,0,1,0,0
Rhode Island,1998,0,0,0,0,0,0,0
South Carolina,1998,1,0,0,1,1,0,0
South Dakota,1998,0,0,0,1,0,0,0
Tennessee,1998,1,0,0,1,0,0,0
Texas,1998,1,1,0,1,1,0,0
Utah,1998,0,0,0,0,0,0,0
Virginia,1998,1,0,0,1,1,0,0
Virgin Islands,1998,0,0,0,0,1,0,0
Vermont,1998,0,0,0,1,0,0,1
Washington,1998,0,0,0,0,0,0,0
Wisconsin,1998,0,0,0,1,0,0,0
West Virginia,1998,0,0,0,1,0,0,0
Wyoming,1998,0,0,0,0,0,0,0
Alaska,1999,0,0,0,0,0,0,0
Alabama,1999,1,0,0,1,0,0,1
Arkansas,1999,1,0,0,1,0,0,1
Arizona,1999,0,0,0,0,0,0,0
California,1999,0,0,0,0,0,0,0
Colorado,1999,0,0,0,0,0,0,0
Connecticut,1999,0,0,0,0,1,0,2
Delaware,1999,0,0,0,0,1,0,1
Florida,1999,1,0,0,1,0,0,1
Georgia,1999,1,0,0,1,0,0,1
Hawaii,1999,0,0,0,0,0,0,0
Iowa,1999,0,0,0,0,0,0,0
Idaho,1999,0,0,0,0,0,0,0
Illinois,1999,0,0,0,1,0,0,2
Indiana,1999,0,0,0,1,0,0,2
Kansas,1999,0,0,0,1,0,0,0
Kentucky,1999,1,0,0,1,0,0,1
Louisiana,1999,1,0,0,1,0,0,1
Massachusetts,1999,0,0,0,0,1,0,2
Maryland,1999,1,0,0,0,1,0,2
Maine,1999,0,0,0,0,0,0,2
Michigan,1999,0,0,0,0,0,0,1
Minnesota,1999,0,0,0,0,0,0,0
Missouri,1999,0,0,0,1,0,0,1
Mississippi,1999,1,0,0,1,0,0,1
Montana,1999,0,0,0,0,0,0,0
North Carolina,1999,1,0,0,1,1,0,1
North Dakota,1999,0,0,0,0,0,0,0
Nebraska,1999,0,0,0,1,0,0,0
New Hampshire,1999,0,0,0,0,1,0,1
New Jersey,1999,1,0,0,0,1,0,2
New Mexico,1999,0,0,0,0,0,0,0
Nevada,1999,0,0,0,0,0,0,0
New York,1999,0,0,0,0,1,0,2
Ohio,1999,1,0,0,1,0,0,2
Oklahoma,1999,0,0,0,1,0,0,1
Oregon,1999,0,0,0,0,0,0,0
Pennsylvania,1999,1,0,0,0,1,0,2
Puerto Rico,1999,0,0,0,0,0,0,0
Rhode Island,1999,0,0,0,0,1,0,1
South Carolina,1999,1,0,0,1,1,0,1
South Dakota,1999,0,0,0,0,0,0,0
Tennessee,1999,1,0,0,1,0,0,1
Texas,1999,0,0,0,1,0,0,1
Utah,1999,0,0,0,0,0,0,0
Virginia,1999,1,0,0,0,1,0,2
Virgin Islands,1999,0,0,0,0,0,0,0
Vermont,1999,0,0,0,0,1,0,2
Washington,1999,0,0,0,0,0,0,0
Wisconsin,1999,0,0,0,0,0,0,0
West Virginia,1999,1,0,0,0,0,0,2
Wyoming,1999,0,0,0,0,0,0,0
Alaska,2000,0,0,0,0,0,0,0
Alabama,2000,1,0,0,0,0,0,1
Arkansas,2000,1,0,0,0,0,0,0
Arizona,2000,1,0,0,0,0,0,0
California,2000,1,0,0,0,0,0,0
Colorado,2000,1,0,0,0,0,1,0
Connecticut,2000,0,0,0,0,0,0,0
Delaware,2000,0,0,0,0,0,0,0
Florida,2000,1,1,0,0,0,0,0
Georgia,2000,1,0,0,0,0,0,1
Hawaii,2000,0,0,0,0,0,0,0
Iowa,2000,1,0,0,0,0,0,0
Idaho,2000,0,0,0,0,0,1,0
Illinois,2000,0,0,0,0,0,0,0
Indiana,2000,0,0,0,0,0,0,0
Kansas,2000,1,0,0,0,0,0,0
Kentucky,2000,0,0,0,0,0,0,0
Louisiana,2000,1,0,0,0,0,0,1
Massachusetts,2000,0,0,0,0,0,0,0
Maryland,2000,0,0,0,0,0,0,0
Maine,2000,0,0,0,0,0,0,0
Michigan,2000,0,0,0,0,0,0,0
Minnesota,2000,0,0,0,0,0,0,0
Missouri,2000,0,0,0,0,0,0,0
Mississippi,2000,1,0,0,0,0,0,0
Montana,2000,1,0,0,0,0,1,0
North Carolina,2000,0,0,0,0,0,0,1
North Dakota,2000,0,0,0,0,0,0,0
Nebraska,2000,1,0,0,0,0,0,0
New Hampshire,2000,0,0,0,0,0,0,0
New Jersey,2000,0,0,0,0,0,0,0
New Mexico,2000,1,0,0,0,0,1,0
Nevada,2000,0,0,0,0,0,0,0
New York,2000,0,0,0,0,0,0,0
Ohio,2000,0,0,0,0,0,0,0
Oklahoma,2000,1,0,0,0,0,0,0
Oregon,2000,1,0,0,0,0,0,0
Pennsylvania,2000,0,0,0,0,0,0,0
Puerto Rico,2000,0,0,0,0,0,0,0
Rhode Island,2000,0,0,0,0,0,0,0
South Carolina,2000,1,0,0,0,0,0,1
South Dakota,2000,0,0,0,0,0,0,0
Tennessee,2000,1,0,0,0,0,0,1
Texas,2000,1,0,0,0,0,0,0
Utah,2000,0,0,0,0,0,0,0
Virginia,2000,0,0,0,0,0,0,1
Virgin Islands,2000,0,0,0,0,0,0,0
Vermont,2000,0,0,0,0,0,0,0
Washington,2000,0,0,0,0,0,1,0
Wisconsin,2000,0,0,0,0,0,0,0
West Virginia,2000,0,0,0,0,0,0,0
Wyoming,2000,0,0,0,0,0,1,0
Alaska,2001,0,0,0,0,0,0,0
Alabama,2001,0,0,0,0,0,0,0
Arkansas,2001,0,0,0,1,0,0,0
Arizona,2001,0,0,0,0,0,0,0
California,2001,0,0,0,0,0,0,0
Colorado,2001,0,0,0,1,0,0,0
Connecticut,2001,0,0,0,0,0,0,0
Delaware,2001,0,0,0,0,0,0,0
Florida,2001,0,0,0,0,1,0,0
Georgia,2001,0,0,0,0,0,0,0
Hawaii,2001,0,0,0,0,0,0,0
Iowa,2001,0,0,0,1,0,0,0
Idaho,2001,0,0,0,0,0,0,0
Illinois,2001,0,0,0,1,0,0,0
Indiana,2001,0,0,0,1,0,0,0
Kansas,2001,0,0,0,1,0,0,0
Kentucky,2001,0,0,0,1,0,0,0
Louisiana,2001,0,0,0,0,1,0,0
Massachusetts,2001,0,0,0,0,0,0,0
Maryland,2001,0,0,0,0,0,0,0
Maine,2001,0,0,0,0,0,0,0
Michigan,2001,0,0,0,1,0,0,0
Minnesota,2001,0,0,0,1,0,0,0
Missouri,2001,0,0,0,1,0,0,0
Mississippi,2001,0,0,0,0,1,0,0
Montana,2001,0,0,0,0,0,0,0
North Carolina,2001,0,0,0,0,0,0,0
North Dakota,2001,0,0,0,0,0,0,0
Nebraska,2001,0,0,0,1,0,0,0
New Hampshire,2001,0,0,0,0,0,0,0
New Jersey,2001,0,0,0,0,1,0,0
New Mexico,2001,0,0,0,0,0,0,0
Nevada,2001,0,0,0,0,0,0,0
New York,2001,0,0,0,0,0,0,0
Ohio,2001,0,0,0,1,0,0,0
Oklahoma,2001,0,0,0,1,0,0,0
Oregon,2001,0,0,0,0,0,0,0
Pennsylvania,2001,0,0,0,1,1,0,0
Puerto Rico,2001,0,0,0,0,0,0,0
Rhode Island,2001,0,0,0,0,0,0,0
South Carolina,2001,0,0,0,0,0,0,0
South Dakota,2001,0,0,0,0,0,0,0
Tennessee,2001,0,0,0,0,0,0,0
Texas,2001,0,0,0,1,1,0,0
Utah,2001,0,0,0,0,0,0,0
Virginia,2001,0,0,0,0,0,0,0
Virgin Islands,2001,0,0,0,0,0,0,0
Vermont,2001,0,0,0,0,0,0,0
Washington,2001,0,0,0,0,0,0,0
Wisconsin,2001,0,0,0,1,0,0,0
West Virginia,2001,0,0,0,0,0,0,0
Wyoming,2001,0,0,0,0,0,0,0
Alaska,2002,0,0,0,0,0,1,0
Alabama,2002,0,0,0,1,1,1,0
Arkansas,2002,0,0,0,1,0,0,0
Arizona,2002,1,0,0,0,0,1,0
California,2002,1,0,0,0,0,1,0
Colorado,2002,1,0,0,0,0,1,0
Connecticut,2002,0,0,0,0,0,0,0
Delaware,2002,1,0,0,0,0,0,0
Florida,2002,0,0,0,0,1,0,0
Georgia,2002,1,0,0,2,0,1,0
Hawaii,2002,0,0,0,0,0,0,0
Iowa,2002,0,0,0,0,0,0,0
Idaho,2002,1,0,0,0,0,0,0
Illinois,2002,1,0,0,1,0,0,0
Indiana,2002,1,0,0,1,0,0,0
Kansas,2002,1,0,0,1,0,0,0
Kentucky,2002,1,0,0,2,0,0,0
Louisiana,2002,1,0,0,0,2,0,0
Massachusetts,2002,0,0,0,0,0,0,0
Maryland,2002,1,0,0,1,0,0,0
Maine,2002,0,0,0,0,0,0,0
Michigan,2002,0,0,0,0,0,0,0
Minnesota,2002,0,0,0,0,0,0,0
Missouri,2002,1,0,0,1,0,0,0
Mississippi,2002,0,0,0,2,2,0,0
Montana,2002,1,0,0,0,0,0,0
North Carolina,2002,1,0,0,1,0,0,0
North Dakota,2002,1,0,0,0,0,0,0
Nebraska,2002,1,0,0,0,0,0,0
New Hampshire,2002,0,0,0,0,0,0,0
New Jersey,2002,1,0,0,0,0,0,0
New Mexico,2002,1,0,0,0,0,1,0
Nevada,2002,1,0,0,0,0,1,0
New York,2002,1,0,0,1,0,0,0
Ohio,2002,1,0,0,2,0,0,0
Oklahoma,2002,1,0,0,0,0,0,0
Oregon,2002,1,0,0,0,0,1,0
Pennsylvania,2002,1,0,0,2,0,0,0
Puerto Rico,2002,0,0,0,0,0,0,0
Rhode Island,2002,0,0,0,0,0,0,0
South Carolina,2002,1,0,0,0,0,0,0
South Dakota,2002,1,0,0,0,0,0,0
Tennessee,2002,1,0,0,2,0,0,0
Texas,2002,1,0,0,1,0,0,0
Utah,2002,1,0,0,0,0,1,0
Virginia,2002,1,0,0,1,0,0,0
Virgin Islands,2002,0,0,0,0,0,0,0
Vermont,2002,0,0,0,0,0,0,0
Washington,2002,0,0,0,0,0,0,0
Wisconsin,2002,0,0,0,0,0,0,0
West Virginia,2002,1,0,0,1,0,0,0
Wyoming,2002,1,0,0,0,0,0,0
Alaska,2003,0,0,0,0,0,1,0
Alabama,2003,0,0,0,3,0,0,0
Arkansas,2003,0,0,0,2,0,0,0
Arizona,2003,1,0,0,0,0,1,0
California,2003,0,0,0,0,0,1,0
Colorado,2003,1,0,0,1,0,0,0
Connecticut,2003,0,0,0,0,0,0,0
Delaware,2003,0,0,0,0,1,0,0
Florida,2003,0,0,0,1,0,0,0
Georgia,2003,0,0,0,2,0,0,0
Hawaii,2003,0,0,0,0,0,0,0
Iowa,2003,1,0,0,2,0,0,0
Idaho,2003,1,0,0,0,0,1,0
Illinois,2003,1,0,0,4,0,0,0
Indiana,2003,0,0,0,4,0,0,0
Kansas,2003,1,0,0,1,0,0,0
Kentucky,2003,0,0,0,2,0,0,0
Louisiana,2003,0,0,0,1,0,0,0
Massachusetts,2003,0,0,0,0,0,0,0
Maryland,2003,0,0,0,0,1,0,0
Maine,2003,0,0,0,0,0,0,0
Michigan,2003,1,0,0,3,0,0,0
Minnesota,2003,1,0,0,1,0,1,0
Missouri,2003,1,0,0,2,0,0,0
Mississippi,2003,0,0,0,3,0,0,0
Montana,2003,1,0,0,0,0,1,0
North Carolina,2003,0,0,0,1,1,0,0
North Dakota,2003,1,0,0,0,0,0,0
Nebraska,2003,1,0,0,1,0,0,0
New Hampshire,2003,0,0,0,0,0,0,0
New Jersey,2003,0,0,0,0,1,0,0
New Mexico,2003,1,0,0,0,0,0,0
Nevada,2003,1,0,0,0,0,0,0
New York,2003,0,0,0,2,1,0,0
Ohio,2003,0,0,0,3,0,0,0
Oklahoma,2003,0,0,0,1,0,1,0
Oregon,2003,1,0,0,0,0,1,0
Pennsylvania,2003,0,0,0,1,1,0,0
Puerto Rico,2003,0,0,0,0,0,0,0
Rhode Island,2003,0,0,0,0,0,0,0
South Carolina,2003,0,0,0,2,0,0,0
South Dakota,2003,1,0,0,1,0,0,0
Tennessee,2003,0,0,0,3,0,0,0
Texas,2003,0,0,0,1,0,0,0
Utah,2003,1,0,0,0,0,1,0
Virginia,2003,0,0,0,1,1,0,0
Virgin Islands,2003,0,0,0,0,0,0,0
Vermont,2003,0,0,0,0,0,0,0
Washington,2003,1,0,0,0,0,1,0
Wisconsin,2003,1,0,0,0,0,0,0
West Virginia,2003,0,0,0,1,1,0,0
Wyoming,2003,1,0,0,0,0,0,0
Alaska,2004,0,0,0,0,0,0,0
Alabama,2004,0,0,0,0,1,0,0
Arkansas,2004,0,0,0,0,0,0,0
Arizona,2004,0,0,0,0,0,0,0
California,2004,0,0,0,0,0,0,0
Colorado,2004,0,0,0,0,0,0,0
Connecticut,2004,0,0,0,0,0,0,0
Delaware,2004,0,0,0,0,2,0,0
Florida,2004,0,0,0,0,4,0,0
Georgia,2004,0,0,0,0,3,0,0
Hawaii,2004,0,0,0,0,0,0,0
Iowa,2004,0,0,0,1,0,0,0
Idaho,2004,0,0,0,0,0,0,0
Illinois,2004,0,0,0,1,0,0,0
Indiana,2004,0,0,0,1,0,0,0
Kansas,2004,0,0,0,0,0,0,0
Kentucky,2004,0,0,0,1,1,0,0
Louisiana,2004,0,0,0,0,1,0,0
Massachusetts,2004,0,0,0,0,0,0,0
Maryland,2004,0,0,0,0,2,0,0
Maine,2004,0,0,0,0,0,0,0
Michigan,2004,0,0,0,1,0,0,0
Minnesota,2004,0,0,0,0,0,0,0
Missouri,2004,0,0,0,1,0,0,0
Mississippi,2004,0,0,0,0,1,0,0
Montana,2004,0,0,0,0,0,0,0
North Carolina,2004,0,0,0,1,4,0,0
North Dakota,2004,0,0,0,0,0,0,0
Nebraska,2004,0,0,0,1,0,0,0
New Hampshire,2004,0,0,0,0,0,0,0
New Jersey,2004,0,0,0,0,2,0,0
New Mexico,2004,0,0,0,0,0,0,0
Nevada,2004,0,0,0,0,0,0,0
New York,2004,0,0,0,1,3,0,0
Ohio,2004,0,0,0,1,1,0,0
Oklahoma,2004,0,0,0,1,0,0,0
Oregon,2004,0,0,0,0,0,0,0
Pennsylvania,2004,0,0,0,0,2,0,0
Puerto Rico,2004,0,0,0,0,1,0,0
Rhode Island,2004,0,0,0,0,0,0,0
South Carolina,2004,0,0,0,0,3,0,0
South Dakota,2004,0,0,0,0,0,0,0
Tennessee,2004,0,0,0,0,1,0,0
Texas,2004,0,0,0,0,0,0,0
Utah,2004,0,0,0,0,0,0,0
Virginia,2004,0,0,0,0,2,0,0
Virgin Islands,2004,0,0,0,0,0,0,0
Vermont,2004,0,0,0,0,0,0,0
Washington,2004,0,0,0,0,0,0,0
Wisconsin,2004,0,0,0,1,0,0,0
West Virginia,2004,0,0,0,0,1,0,0
Wyoming,2004,0,0,0,0,0,0,0
Alaska,2005,0,0,0,0,0,0,0
Alabama,2005,0,0,0,1,3,0,0
Arkansas,2005,1,0,0,0,1,0,0
Arizona,2005,0,0,0,0,0,0,0
California,2005,0,0,0,0,0,0,0
Colorado,2005,0,0,0,0,0,0,0
Connecticut,2005,0,0,0,0,0,0,0
Delaware,2005,0,0,0,0,0,0,0
Florida,2005,0,0,0,1,4,0,0
Georgia,2005,0,0,0,1,2,0,0
Hawaii,2005,0,0,0,0,0,0,0
Iowa,2005,1,0,0,0,0,0,0
Idaho,2005,0,0,0,0,0,0,0
Illinois,2005,1,0,0,0,0,0,0
Indiana,2005,0,0,0,0,0,0,0
Kansas,2005,0,0,0,0,0,0,0
Kentucky,2005,0,0,0,0,1,0,0
Louisiana,2005,0,0,0,0,2,0,0
Massachusetts,2005,0,0,0,0,0,0,0
Maryland,2005,0,0,0,0,0,0,0
Maine,2005,0,0,0,0,0,0,0
Michigan,2005,0,0,0,0,0,0,0
Minnesota,2005,0,0,0,0,0,0,0
Missouri,2005,1,0,0,0,0,0,0
Mississippi,2005,0,0,0,1,3,0,0
Montana,2005,0,0,0,0,0,0,0
North Carolina,2005,0,0,0,1,0,0,0
North Dakota,2005,0,0,0,0,0,0,0
Nebraska,2005,0,0,0,0,0,0,0
New Hampshire,2005,0,0,0,0,0,0,0
New Jersey,2005,0,0,0,0,0,0,0
New Mexico,2005,0,0,0,0,0,0,0
Nevada,2005,0,0,0,0,0,0,0
New York,2005,0,0,0,0,0,0,0
Ohio,2005,1,0,0,0,0,0,0
Oklahoma,2005,0,0,0,0,0,0,0
Oregon,2005,1,0,0,0,0,0,0
Pennsylvania,2005,0,0,0,0,0,0,0
Puerto Rico,2005,0,0,0,0,0,0,0
Rhode Island,2005,0,0,0,0,0,0,0
South Carolina,2005,0,0,0,0,0,0,0
South Dakota,2005,1,0,0,0,0,0,0
Tennessee,2005,0,0,0,0,1,0,0
Texas,2005,0,0,0,1,1,0,0
Utah,2005,0,0,0,0,0,0,0
Virginia,2005,0,0,0,1,0,0,0
Virgin Islands,2005,0,0,0,0,0,0,0
Vermont,2005,0,0,0,0,0,0,0
Washington,2005,1,0,0,0,0,0,0
Wisconsin,2005,1,0,0,0,0,0,0
West Virginia,2005,0,0,0,0,0,0,0
Wyoming,2005,0,0,0,0,0,0,0
Alaska,2006,0,0,0,0,0,1,0
Alabama,2006,1,0,0,2,0,0,0
Arkansas,2006,1,0,0,1,0,0,0
Arizona,2006,1,0,0,0,0,1,0
California,2006,0,0,0,0,0,1,0
Colorado,2006,1,0,0,0,0,0,0
Connecticut,2006,0,0,0,0,0,0,0
Delaware,2006,0,1,0,0,0,0,0
Florida,2006,1,0,0,0,0,1,0
Georgia,2006,1,0,0,1,0,0,0
Hawaii,2006,0,0,0,0,0,0,0
Iowa,2006,1,0,0,1,0,0,0
Idaho,2006,0,0,0,0,0,1,0
Illinois,2006,0,0,0,3,0,0,0
Indiana,2006,0,0,0,4,0,0,0
Kansas,2006,1,0,0,2,0,0,0
Kentucky,2006,0,0,0,2,0,0,0
Louisiana,2006,1,0,0,0,0,0,0
Massachusetts,2006,0,0,0,0,0,0,0
Maryland,2006,0,1,0,0,0,0,0
Maine,2006,0,0,0,0,0,0,0
Michigan,2006,0,0,0,1,0,0,0
Minnesota,2006,1,0,0,1,0,0,0
Missouri,2006,1,0,0,1,0,0,0
Mississippi,2006,1,0,0,1,0,1,0
Montana,2006,1,0,0,0,0,1,0
North Carolina,2006,0,0,0,0,0,0,0
North Dakota,2006,1,0,0,0,0,0,0
Nebraska,2006,1,0,0,1,0,0,0
New Hampshire,2006,0,0,0,0,0,0,0
New Jersey,2006,0,1,0,0,0,0,0
New Mexico,2006,1,0,0,0,0,1,0
Nevada,2006,0,0,0,0,0,1,0
New York,2006,0,1,0,0,0,0,0
Ohio,2006,0,0,0,2,0,0,0
Oklahoma,2006,1,0,0,1,0,1,0
Oregon,2006,0,0,0,0,0,1,0
Pennsylvania,2006,0,1,0,0,0,0,0
Puerto Rico,2006,0,0,0,0,0,0,0
Rhode Island,2006,0,0,0,0,0,0,0
South Carolina,2006,0,0,0,0,0,0,0
South Dakota,2006,1,0,0,0,0,1,0
Tennessee,2006,0,0,0,2,0,0,0
Texas,2006,1,0,0,1,0,1,0
Utah,2006,0,0,0,0,0,1,0
Virginia,2006,0,1,0,0,0,0,0
Virgin Islands,2006,0,0,0,0,0,0,0
Vermont,2006,0,0,0,0,0,0,0
Washington,2006,0,0,0,0,0,1,0
Wisconsin,2006,0,0,0,2,0,0,0
West Virginia,2006,0,0,0,0,0,0,0
Wyoming,2006,1,0,0,0,0,1,0
Alaska,2007,0,0,0,0,0,1,0
Alabama,2007,1,0,1,0,0,0,0
Arkansas,2007,1,0,1,0,0,0,0
Arizona,2007,1,0,0,0,0,1,0
California,2007,1,0,1,0,0,1,0
Colorado,2007,0,0,0,0,0,0,0
Connecticut,2007,0,0,0,1,0,0,0
Delaware,2007,1,0,0,1,0,0,0
Florida,2007,1,0,0,0,0,1,0
Georgia,2007,1,0,1,1,0,1,0
Hawaii,2007,0,0,0,0,0,0,0
Iowa,2007,0,0,1,0,0,0,0
Idaho,2007,1,0,0,0,0,1,0
Illinois,2007,0,0,1,0,0,0,0
Indiana,2007,1,0,1,0,0,0,0
Kansas,2007,0,0,1,0,0,0,0
Kentucky,2007,1,0,1,0,0,0,0
Louisiana,2007,0,0,0,1,0,0,0
Massachusetts,2007,0,0,0,1,0,0,0
Maryland,2007,1,0,0,1,0,0,0
Maine,2007,0,0,0,1,0,0,0
Michigan,2007,1,0,0,0,0,0,0
Minnesota,2007,1,0,0,0,0,1,0
Missouri,2007,0,0,1,0,0,0,0
Mississippi,2007,1,0,1,1,0,0,0
Montana,2007,0,0,0,0,0,1,0
North Carolina,2007,1,0,1,1,0,0,0
North Dakota,2007,0,0,0,0,0,0,0
Nebraska,2007,0,0,1,0,0,0,0
New Hampshire,2007,0,0,0,1,0,0,0
New Jersey,2007,1,0,0,1,0,0,0
New Mexico,2007,0,0,0,0,0,0,0
Nevada,2007,1,0,0,0,0,1,0
New York,2007,1,0,0,1,0,0,0
Ohio,2007,1,0,1,0,0,0,0
Oklahoma,2007,0,0,1,0,0,0,0
Oregon,2007,1,0,0,0,0,1,0
Pennsylvania,2007,1,0,0,1,0,0,0
Puerto Rico,2007,0,0,0,0,0,0,0
Rhode Island,2007,0,0,0,1,0,0,0
South Carolina,2007,1,0,1,1,0,0,0
South Dakota,2007,0,0,0,0,0,0,0
Tennessee,2007,1,0,1,0,0,0,0
Texas,2007,0,0,0,1,0,0,0
Utah,2007,1,0,0,0,0,1,0
Virginia,2007,1,0,1,1,0,0,0
Virgin Islands,2007,0,0,0,0,0,0,0
Vermont,2007,0,0,0,1,0,0,0
Washington,2007,0,0,0,0,0,1,0
Wisconsin,2007,1,0,0,0,0,0,0
West Virginia,2007,1,0,1,0,0,0,0
Wyoming,2007,1,0,0,0,0,0,0
Alaska,2008,0,0,0,0,0,0,0
Alabama,2008,1,0,0,1,2,0,0
Arkansas,2008,1,0,0,3,2,0,0
Arizona,2008,0,0,0,0,0,1,0
California,2008,1,0,0,1,0,1,0
Colorado,2008,1,0,0,1,0,1,0
Connecticut,2008,0,0,0,1,0,0,0
Delaware,2008,0,0,0,0,0,0,0
Florida,2008,0,0,0,0,0,1,0
Georgia,2008,1,0,0,1,0,0,0
Hawaii,2008,0,0,0,0,0,0,0
Iowa,2008,0,1,0,2,0,0,0
Idaho,2008,1,0,0,0,0,1,0
Illinois,2008,0,1,0,3,1,0,0
Indiana,2008,1,1,0,4,1,0,0
Kansas,2008,1,1,0,3,0,0,0
Kentucky,2008,1,0,0,1,1,0,0
Louisiana,2008,0,0,0,0,2,0,0
Massachusetts,2008,0,0,0,0,0,0,0
Maryland,2008,1,0,0,0,0,0,0
Maine,2008,0,0,0,0,0,0,0
Michigan,2008,0,1,0,2,0,0,0
Minnesota,2008,1,1,0,2,0,0,0
Missouri,2008,0,1,0,2,1,0,0
Mississippi,2008,1,0,0,1,1,0,0
Montana,2008,1,0,0,0,0,1,0
North Carolina,2008,1,0,0,0,0,1,0
North Dakota,2008,1,0,0,0,0,0,0
Nebraska,2008,0,1,0,2,0,0,0
New Hampshire,2008,0,0,0,0,0,0,0
New Jersey,2008,1,0,0,1,0,0,0
New Mexico,2008,1,0,0,0,1,1,0
Nevada,2008,0,0,0,0,0,1,0
New York,2008,0,0,0,2,0,0,0
Ohio,2008,1,0,0,2,1,0,0
Oklahoma,2008,1,1,0,4,0,1,0
Oregon,2008,1,0,0,1,0,1,0
Pennsylvania,2008,0,0,0,1,1,0,0
Puerto Rico,2008,0,0,0,0,0,0,0
Rhode Island,2008,0,0,0,0,0,0,0
South Carolina,2008,1,0,0,1,0,0,0
South Dakota,2008,0,0,0,0,0,0,0
Tennessee,2008,1,0,0,1,0,0,0
Texas,2008,1,0,0,2,2,1,0
Utah,2008,0,0,0,0,0,1,0
Virginia,2008,1,0,0,0,0,0,0
Virgin Islands,2008,0,0,0,0,0,0,0
Vermont,2008,0,0,0,0,0,0,0
Washington,2008,1,0,0,1,0,1,0
Wisconsin,2008,1,1,0,2,0,0,0
West Virginia,2008,0,0,0,0,0,0,0
Wyoming,2008,0,0,0,1,0,0,0
Alaska,2009,0,0,0,0,0,1,0
Alabama,2009,0,0,0,3,0,0,0
Arkansas,2009,0,0,0,2,0,0,0
Arizona,2009,0,0,0,0,0,1,0
California,2009,1,0,0,0,0,1,0
Colorado,2009,0,0,0,1,0,1,0
Connecticut,2009,0,0,0,0,0,0,0
Delaware,2009,0,0,0,0,0,0,0
Florida,2009,0,0,0,0,0,0,0
Georgia,2009,0,0,0,2,0,0,0
Hawaii,2009,0,0,0,0,0,0,0
Iowa,2009,0,0,0,1,0,0,0
Idaho,2009,1,0,0,0,0,0,0
Illinois,2009,0,0,0,1,0,0,0
Indiana,2009,0,0,0,0,0,0,0
Kansas,2009,1,0,0,3,0,0,0
Kentucky,2009,0,0,0,5,0,0,0
Louisiana,2009,1,0,0,1,0,0,0
Massachusetts,2009,0,0,0,0,0,0,0
Maryland,2009,0,0,0,1,0,0,0
Maine,2009,0,0,0,0,0,0,0
Michigan,2009,0,0,0,0,0,0,0
Minnesota,2009,0,0,0,0,0,0,0
Missouri,2009,0,0,0,3,0,0,0
Mississippi,2009,0,0,0,2,0,0,0
Montana,2009,0,0,0,0,0,0,0
North Carolina,2009,1,0,0,1,0,0,0
North Dakota,2009,0,0,0,0,0,0,0
Nebraska,2009,0,0,0,2,0,0,0
New Hampshire,2009,0,0,0,0,0,0,0
New Jersey,2009,0,0,0,0,0,0,0
New Mexico,2009,1,0,0,0,0,1,0
Nevada,2009,0,0,0,0,0,0,0
New York,2009,0,0,0,0,0,0,0
Ohio,2009,0,0,0,1,0,0,0
Oklahoma,2009,1,0,0,3,0,1,0
Oregon,2009,1,0,0,0,0,0,0
Pennsylvania,2009,0,0,0,2,0,0,0
Puerto Rico,2009,0,0,0,0,0,0,0
Rhode Island,2009,0,0,0,0,0,0,0
South Carolina,2009,0,0,0,2,0,0,0
South Dakota,2009,0,0,0,0,0,0,0
Tennessee,2009,0,0,0,5,0,0,0
Texas,2009,1,0,0,4,0,1,0
Utah,2009,0,0,0,0,0,0,0
Virginia,2009,0,0,0,1,0,0,0
Virgin Islands,2009,0,0,0,0,0,0,0
Vermont,2009,0,0,0,0,0,0,0
Washington,2009,1,0,0,0,0,0,0
Wisconsin,2009,0,0,0,0,0,0,0
West Virginia,2009,0,0,0,1,0,0,0
Wyoming,2009,0,0,0,0,0,0,0
Alaska,2010,0,0,0,0,0,0,0
Alabama,2010,0,0,0,0,0,0,0
Arkansas,2010,0,1,0,0,0,0,0
Arizona,2010,0,0,0,1,0,0,0
California,2010,0,0,0,0,0,0,0
Colorado,2010,0,0,0,1,0,0,0
Connecticut,2010,0,1,0,0,0,0,0
Delaware,2010,0,0,0,0,0,0,0
Florida,2010,0,0,0,0,0,0,0
Georgia,2010,0,1,0,1,0,0,0
Hawaii,2010,0,0,0,0,0,0,0
Iowa,2010,0,0,0,1,0,0,0
Idaho,2010,0,0,0,0,0,0,0
Illinois,2010,0,0,0,3,0,0,0
Indiana,2010,0,0,0,1,0,0,0
Kansas,2010,0,0,0,2,0,0,0
Kentucky,2010,0,1,0,0,0,0,0
Louisiana,2010,0,0,0,0,0,0,0
Massachusetts,2010,0,1,0,0,0,0,0
Maryland,2010,0,0,0,2,0,0,0
Maine,2010,0,0,0,0,0,0,0
Michigan,2010,0,0,0,0,0,0,0
Minnesota,2010,0,0,0,0,0,0,0
Missouri,2010,0,0,0,0,0,0,0
Mississippi,2010,0,0,0,0,0,0,0
Montana,2010,0,0,0,0,0,0,0
North Carolina,2010,0,0,0,1,0,0,0
North Dakota,2010,0,0,0,0,0,0,0
Nebraska,2010,0,0,0,0,0,0,0
New Hampshire,2010,0,0,0,0,0,0,0
New Jersey,2010,0,1,0,0,0,0,0
New Mexico,2010,0,0,0,1,0,0,0
Nevada,2010,0,0,0,0,0,0,0
New York,2010,0,1,0,1,0,0,0
Ohio,2010,0,0,0,0,0,0,0
Oklahoma,2010,0,0,0,2,0,0,0
Oregon,2010,0,0,0,0,0,0,0
Pennsylvania,2010,0,1,0,2,0,0,0
Puerto Rico,2010,0,0,0,0,0,0,0
Rhode Island,2010,0,1,0,0,0,0,0
South Carolina,2010,0,0,0,1,0,0,0
South Dakota,2010,0,0,0,0,0,0,0
Tennessee,2010,0,1,0,0,0,0,0
Texas,2010,0,0,0,1,0,0,0
Utah,2010,0,0,0,0,0,0,0
Virginia,2010,0,0,0,0,0,0,0
Virgin Islands,2010,0,0,0,0,0,0,0
Vermont,2010,0,0,0,0,0,0,0
Washington,2010,0,0,0,0,0,0,0
Wisconsin,2010,0,0,0,1,0,0,0
West Virginia,2010,0,0,0,0,0,0,0
Wyoming,2010,0,0,0,0,0,0,0
Alaska,2011,0,0,0,0,0,0,0
Alabama,2011,1,0,0,3,1,0,0
Arkansas,2011,1,1,0,4,0,0,0
Arizona,2011,1,0,0,0,0,1,0
California,2011,0,0,0,0,0,0,0
Colorado,2011,1,0,0,1,0,1,0
Connecticut,2011,0,0,0,0,2,0,1
Delaware,2011,1,0,0,0,0,0,0
Florida,2011,1,0,0,0,0,1,0
Georgia,2011,1,0,0,5,1,0,0
Hawaii,2011,0,0,0,0,0,0,0
Iowa,2011,1,2,0,4,0,0,0
Idaho,2011,0,0,0,0,0,1,0
Illinois,2011,1,0,0,6,0,0,1
Indiana,2011,1,0,0,3,0,0,1
Kansas,2011,1,1,0,5,0,0,0
Kentucky,2011,1,0,0,4,0,0,0
Louisiana,2011,1,1,0,1,1,0,0
Massachusetts,2011,0,0,0,0,1,0,1
Maryland,2011,1,0,0,0,2,0,0
Maine,2011,0,0,0,0,0,0,0
Michigan,2011,0,0,0,2,0,0,0
Minnesota,2011,0,0,0,2,0,0,0
Missouri,2011,1,2,0,6,0,0,0
Mississippi,2011,1,1,0,2,1,0,0
Montana,2011,0,1,0,0,0,1,0
North Carolina,2011,1,0,0,4,1,0,0
North Dakota,2011,0,1,0,0,0,0,0
Nebraska,2011,0,1,0,2,0,0,0
New Hampshire,2011,0,0,0,0,1,0,0
New Jersey,2011,0,0,0,0,2,0,0
New Mexico,2011,1,0,0,0,0,1,0
Nevada,2011,0,0,0,0,0,1,0
New York,2011,0,0,0,0,2,0,1
Ohio,2011,0,0,0,4,0,0,1
Oklahoma,2011,1,0,0,5,0,1,1
Oregon,2011,0,0,0,0,0,1,0
Pennsylvania,2011,1,0,0,2,1,0,1
Puerto Rico,2011,0,0,0,0,0,0,0
Rhode Island,2011,0,0,0,0,1,0,1
South Carolina,2011,1,0,0,4,0,0,0
South Dakota,2011,0,1,0,1,0,0,0
Tennessee,2011,1,1,0,6,1,0,0
Texas,2011,1,0,0,6,0,1,1
Utah,2011,0,0,0,0,0,0,0
Virginia,2011,1,0,0,3,2,0,0
Virgin Islands,2011,0,0,0,0,0,0,0
Vermont,2011,0,0,0,0,1,0,0
Washington,2011,0,0,0,0,0,0,0
Wisconsin,2011,0,0,0,3,0,0,0
West Virginia,2011,1,0,0,0,0,0,0
Wyoming,2011,0,0,0,1,0,0,0
Alaska,2012,0,0,0,0,0,0,0
Alabama,2012,1,0,0,1,1,0,0
Arkansas,2012,1,0,0,0,0,0,0
Arizona,2012,1,0,0,0,0,1,0
California,2012,1,0,0,0,0,1,0
Colorado,2012,1,0,0,1,0,1,0
Connecticut,2012,0,0,0,0,1,0,0
Delaware,2012,1,0,0,0,1,0,0
Florida,2012,0,0,0,0,1,0,0
Georgia,2012,1,0,0,1,0,0,0
Hawaii,2012,0,0,0,0,0,0,0
Iowa,2012,1,0,0,1,0,0,0
Idaho,2012,1,0,0,0,0,1,0
Illinois,2012,1,0,0,2,0,0,0
Indiana,2012,1,0,0,3,0,0,0
Kansas,2012,1,0,0,2,0,0,0
Kentucky,2012,1,0,0,3,0,0,0
Louisiana,2012,0,0,0,0,1,0,0
Massachusetts,2012,0,0,0,0,1,0,0
Maryland,2012,1,0,0,1,1,0,0
Maine,2012,0,0,0,0,0,0,0
Michigan,2012,1,0,0,0,0,0,0
Minnesota,2012,1,0,0,1,0,0,0
Missouri,2012,1,0,0,1,0,0,0
Mississippi,2012,1,0,0,0,1,0,0
Montana,2012,1,0,0,0,0,1,0
North Carolina,2012,0,0,0,1,1,0,0
North Dakota,2012,1,0,0,0,0,0,0
Nebraska,2012,1,0,0,1,0,1,0
New Hampshire,2012,0,0,0,0,1,0,0
New Jersey,2012,1,0,0,1,1,0,0
New Mexico,2012,1,0,0,1,0,1,0
Nevada,2012,1,0,0,0,0,1,0
New York,2012,1,0,0,1,1,0,0
Ohio,2012,1,0,0,2,1,0,0
Oklahoma,2012,1,0,0,2,0,1,0
Oregon,2012,0,0,0,0,0,1,0
Pennsylvania,2012,1,0,0,1,1,0,0
Puerto Rico,2012,0,0,0,0,0,0,0
Rhode Island,2012,0,0,0,0,1,0,0
South Carolina,2012,0,0,0,1,0,0,0
South Dakota,2012,1,0,0,0,0,1,0
Tennessee,2012,1,0,0,1,0,0,0
Texas,2012,1,0,0,4,0,1,0
Utah,2012,1,0,0,0,0,1,0
Virginia,2012,1,0,0,1,1,0,0
Virgin Islands,2012,0,0,0,0,0,0,0
Vermont,2012,0,0,0,0,0,0,0
Washington,2012,0,0,0,0,0,1,0
Wisconsin,2012,1,0,0,0,0,0,0
West Virginia,2012,0,0,0,1,1,0,0
Wyoming,2012,1,0,0,0,0,1,0
Alaska,2013,0,0,0,0,0,0,0
Alabama,2013,0,0,0,1,0,0,0
Arkansas,2013,0,0,0,0,0,0,0
Arizona,2013,1,0,0,0,0,0,0
California,2013,1,0,0,0,0,0,0
Colorado,2013,1,1,0,0,0,0,0
Connecticut,2013,0,0,0,0,0,0,0
Delaware,2013,0,0,0,0,0,0,0
Florida,2013,0,0,0,0,0,0,0
Georgia,2013,0,0,0,2,0,0,0
Hawaii,2013,0,0,0,0,0,0,0
Iowa,2013,1,0,0,1,0,0,0
Idaho,2013,1,0,0,0,0,0,0
Illinois,2013,1,1,0,3,0,0,0
Indiana,2013,0,1,0,3,0,0,0
Kansas,2013,1,0,0,3,0,0,0
Kentucky,2013,0,0,0,1,0,0,0
Louisiana,2013,0,0,0,0,0,0,0
Massachusetts,2013,0,0,0,0,0,0,0
Maryland,2013,0,0,0,0,0,0,0
Maine,2013,0,0,0,0,0,0,0
Michigan,2013,1,0,0,1,0,0,0
Minnesota,2013,1,0,0,1,0,0,0
Missouri,2013,1,1,0,4,0,0,0
Mississippi,2013,0,0,0,1,0,0,0
Montana,2013,0,0,0,0,0,0,0
North Carolina,2013,0,0,0,0,0,0,0
North Dakota,2013,1,0,0,0,0,0,0
Nebraska,2013,1,0,0,1,0,0,0
New Hampshire,2013,0,0,0,0,0,0,0
New Jersey,2013,0,0,0,0,0,0,0
New Mexico,2013,1,0,0,0,0,0,0
Nevada,2013,1,0,0,0,0,0,0
New York,2013,0,0,0,2,0,0,0
Ohio,2013,0,0,0,1,0,0,0
Oklahoma,2013,1,0,0,2,0,0,0
Oregon,2013,1,0,0,0,0,0,0
Pennsylvania,2013,0,0,0,0,0,0,0
Puerto Rico,2013,0,0,0,0,0,0,0
Rhode Island,2013,0,0,0,0,0,0,0
South Carolina,2013,0,0,0,0,0,0,0
South Dakota,2013,1,0,0,0,0,0,0
Tennessee,2013,0,0,0,1,0,0,0
Texas,2013,1,0,0,2,0,0,0
Utah,2013,1,0,0,0,0,0,0
Virginia,2013,0,0,0,0,0,0,0
Virgin Islands,2013,0,0,0,0,0,0,0
Vermont,2013,0,0,0,0,0,0,0
Washington,2013,1,0,0,0,0,0,0
Wisconsin,2013,1,0,0,1,0,0,0
West Virginia,2013,0,0,0,0,0,0,0
Wyoming,2013,1,0,0,0,0,0,0
Alaska,2014,0,0,0,0,0,0,0
Alabama,2014,0,0,0,1,0,0,1
Arkansas,2014,0,0,0,2,0,0,0
Arizona,2014,1,0,0,0,0,0,0
California,2014,1,0,0,0,0,0,0
Colorado,2014,1,0,0,2,0,0,0
Connecticut,2014,0,0,0,0,0,0,0
Delaware,2014,0,0,0,2,0,0,0
Florida,2014,0,0,0,1,0,0,0
Georgia,2014,0,0,0,1,0,0,1
Hawaii,2014,0,0,0,0,0,0,0
Iowa,2014,0,0,0,2,0,0,0
Idaho,2014,1,0,0,0,0,0,0
Illinois,2014,0,0,0,2,0,0,1
Indiana,2014,0,0,0,1,0,0,1
Kansas,2014,1,0,0,4,0,0,0
Kentucky,2014,0,0,0,0,0,0,1
Louisiana,2014,0,0,0,0,0,0,0
Massachusetts,2014,0,0,0,0,0,0,0
Maryland,2014,0,1,0,1,0,0,1
Maine,2014,0,0,0,0,0,0,0
Michigan,2014,0,1,0,0,0,0,1
Minnesota,2014,0,0,0,0,0,0,0
Missouri,2014,0,0,0,2,0,0,1
Mississippi,2014,0,0,0,1,0,0,1
Montana,2014,0,0,0,1,0,0,0
North Carolina,2014,0,0,0,1,0,0,1
North Dakota,2014,0,0,0,0,0,0,0
Nebraska,2014,0,0,0,1,0,0,0
New Hampshire,2014,0,0,0,0,0,0,0
New Jersey,2014,0,0,0,1,0,0,1
New Mexico,2014,1,0,0,0,0,0,0
Nevada,2014,1,0,0,0,0,0,0
New York,2014,0,1,0,2,0,0,1
Ohio,2014,0,0,0,1,0,0,1
Oklahoma,2014,1,0,0,0,0,0,0
Oregon,2014,1,0,0,0,0,0,0
Pennsylvania,2014,0,0,0,2,0,0,1
Puerto Rico,2014,0,0,0,0,0,0,0
Rhode Island,2014,0,0,0,0,0,0,0
South Carolina,2014,0,0,0,1,0,0,1
South Dakota,2014,0,0,0,1,0,0,0
Tennessee,2014,0,0,0,1,0,0,1
Texas,2014,1,0,0,2,0,0,0
Utah,2014,1,0,0,0,0,0,0
Virginia,2014,0,0,0,2,0,0,1
Virgin Islands,2014,0,0,0,0,0,0,0
Vermont,2014,0,0,0,0,0,0,0
Washington,2014,1,0,0,0,0,0,0
Wisconsin,2014,0,0,0,0,0,0,0
West Virginia,2014,0,0,0,0,0,0,0
Wyoming,2014,0,0,0,1,0,0,0
Alaska,2015,0,0,0,0,0,1,0
Alabama,2015,0,0,0,1,0,0,0
Arkansas,2015,0,1,0,3,0,0,0
Arizona,2015,1,0,0,0,0,0,0
California,2015,1,0,0,0,0,1,0
Colorado,2015,0,1,0,2,0,1,0
Connecticut,2015,0,0,0,1,0,0,1
Delaware,2015,0,0,0,0,0,0,1
Florida,2015,0,0,0,1,0,0,0
Georgia,2015,0,1,0,1,0,0,1
Hawaii,2015,0,0,0,0,0,0,0
Iowa,2015,0,0,0,3,0,0,0
Idaho,2015,1,0,0,0,0,1,0
Illinois,2015,0,0,0,3,0,0,1
Indiana,2015,0,0,0,1,0,0,0
Kansas,2015,0,1,0,3,0,0,0
Kentucky,2015,0,0,0,2,0,0,1
Louisiana,2015,0,1,0,1,0,0,0
Massachusetts,2015,0,0,0,0,0,0,1
Maryland,2015,0,1,0,1,0,0,1
Maine,2015,0,0,0,0,0,0,1
Michigan,2015,0,0,0,2,0,0,1
Minnesota,2015,0,0,0,0,0,0,0
Missouri,2015,0,0,0,2,0,0,0
Mississippi,2015,0,0,0,1,0,0,0
Montana,2015,1,0,0,0,0,1,0
North Carolina,2015,0,1,0,2,0,0,1
North Dakota,2015,0,0,0,0,0,1,0
Nebraska,2015,0,0,0,1,0,0,0
New Hampshire,2015,0,0,0,0,0,0,1
New Jersey,2015,0,1,0,1,0,0,1
New Mexico,2015,0,0,0,1,0,0,0
Nevada,2015,1,0,0,0,0,0,0
New York,2015,0,0,0,1,0,0,1
Ohio,2015,0,1,0,1,0,0,1
Oklahoma,2015,0,1,0,4,0,0,0
Oregon,2015,1,0,0,0,0,1,0
Pennsylvania,2015,0,0,0,3,0,0,1
Puerto Rico,2015,0,0,0,0,0,0,0
Rhode Island,2015,0,0,0,0,0,0,1
South Carolina,2015,0,2,0,1,0,0,1
South Dakota,2015,0,0,0,2,0,0,0
Tennessee,2015,0,0,0,3,0,0,1
Texas,2015,0,1,0,4,0,1,0
Utah,2015,1,0,0,0,0,0,0
Virginia,2015,0,1,0,1,0,0,1
Virgin Islands,2015,0,0,0,0,0,0,0
Vermont,2015,0,0,0,0,0,0,0
Washington,2015,1,0,0,0,0,1,0
Wisconsin,2015,0,0,0,2,0,0,0
West Virginia,2015,0,0,0,1,0,0,0
Wyoming,2015,0,0,0,0,0,1,0
Alaska,2016,0,0,0,0,0,0,0
Alabama,2016,1,0,0,1,0,1,0
Arkansas,2016,0,0,0,1,0,0,0
Arizona,2016,0,0,0,0,0,1,0
California,2016,1,0,0,0,0,1,0
Colorado,2016,0,0,0,3,0,0,0
Connecticut,2016,1,0,0,1,0,0,0
Delaware,2016,0,0,0,0,0,0,0
Florida,2016,0,0,0,2,1,0,0
Georgia,2016,1,0,0,2,1,1,0
Hawaii,2016,0,0,0,0,0,0,0
Iowa,2016,0,0,0,0,0,0,0
Idaho,2016,0,0,0,0,0,1,0
Illinois,2016,0,1,0,3,0,0,0
Indiana,2016,0,1,0,1,0,0,0
Kansas,2016,0,0,0,2,0,0,0
Kentucky,2016,0,0,0,1,0,0,0
Louisiana,2016,0,2,0,2,0,0,0
Massachusetts,2016,1,0,0,1,0,0,0
Maryland,2016,0,0,0,3,0,0,0
Maine,2016,1,0,0,0,0,0,0
Michigan,2016,0,0,0,1,0,0,0
Minnesota,2016,0,0,0,0,0,0,0
Missouri,2016,0,0,0,3,0,0,0
Mississippi,2016,1,0,0,2,0,0,0
Montana,2016,0,0,0,1,0,0,0
North Carolina,2016,1,0,0,2,1,1,0
North Dakota,2016,0,0,0,0,0,0,0
Nebraska,2016,0,0,0,1,0,0,0
New Hampshire,2016,1,0,0,0,0,0,0
New Jersey,2016,0,0,0,2,0,0,0
New Mexico,2016,0,0,0,0,0,0,0
Nevada,2016,1,0,0,0,0,1,0
New York,2016,1,0,0,2,0,0,0
Ohio,2016,0,1,0,0,0,0,0
Oklahoma,2016,0,0,0,3,0,0,0
Oregon,2016,0,0,0,0,0,1,0
Pennsylvania,2016,0,0,0,2,0,0,0
Puerto Rico,2016,0,0,0,0,0,0,0
Rhode Island,2016,1,0,0,0,0,0,0
South Carolina,2016,1,0,0,1,1,0,0
South Dakota,2016,0,0,0,0,0,0,0
Tennessee,2016,0,0,0,1,0,1,0
Texas,2016,0,2,0,7,0,0,0
Utah,2016,0,0,0,0,0,0,0
Virginia,2016,0,1,0,3,1,0,0
Virgin Islands,2016,0,0,0,0,0,0,0
Vermont,2016,1,0,0,0,0,0,0
Washington,2016,0,0,0,0,0,1,0
Wisconsin,2016,0,0,0,0,0,0,0
West Virginia,2016,0,1,0,0,0,0,0
Wyoming,2016,0,0,0,1,0,1,0
Alaska,2017,0,0,0,0,0,0,0
Alabama,2017,0,1,1,3,2,0,0
Arkansas,2017,0,1,0,2,0,0,0
Arizona,2017,0,0,0,0,0,1,0
California,2017,0,1,0,1,0,1,0
Colorado,2017,0,0,0,1,0,0,0
Connecticut,2017,0,0,0,0,0,0,0
Delaware,2017,0,0,0,0,0,0,0
Florida,2017,0,0,1,1,1,0,0
Georgia,2017,0,0,1,2,1,0,0
Hawaii,2017,0,0,0,0,0,0,0
Iowa,2017,0,0,0,4,0,0,0
Idaho,2017,0,0,0,0,0,1,0
Illinois,2017,0,1,0,4,0,0,0
Indiana,2017,0,1,0,1,0,0,0
Kansas,2017,0,0,0,2,0,0,0
Kentucky,2017,0,1,1,2,0,0,0
Louisiana,2017,0,1,0,1,1,0,0
Massachusetts,2017,0,0,0,0,0,0,0
Maryland,2017,0,0,0,1,0,0,0
Maine,2017,0,0,0,0,0,0,0
Michigan,2017,0,0,0,2,0,0,0
Minnesota,2017,0,0,0,2,0,0,0
Missouri,2017,0,1,0,4,0,0,0
Mississippi,2017,0,1,1,2,1,0,0
Montana,2017,1,0,0,0,0,1,0
North Carolina,2017,0,0,1,1,2,0,0
North Dakota,2017,1,0,0,0,0,0,0
Nebraska,2017,0,0,0,3,0,0,0
New Hampshire,2017,0,0,0,0,0,0,0
New Jersey,2017,0,0,0,0,0,0,0
New Mexico,2017,0,0,0,1,0,0,0
Nevada,2017,0,0,0,0,0,1,0
New York,2017,0,0,0,2,0,0,0
Ohio,2017,0,1,0,2,0,0,0
Oklahoma,2017,0,1,0,3,0,0,0
Oregon,2017,0,0,0,0,0,1,0
Pennsylvania,2017,0,0,0,1,0,0,0
Puerto Rico,2017,0,0,0,0,2,0,0
Rhode Island,2017,0,0,0,0,0,0,0
South Carolina,2017,0,0,1,2,1,0,0
South Dakota,2017,1,0,0,0,0,0,0
Tennessee,2017,0,1,1,2,1,0,0
Texas,2017,0,1,0,4,1,0,0
Utah,2017,0,0,0,0,0,0,0
Virginia,2017,0,0,1,2,0,0,0
Virgin Islands,2017,0,0,0,0,2,0,0
Vermont,2017,0,0,0,0,0,0,0
Washington,2017,0,0,0,0,0,1,0
Wisconsin,2017,0,0,0,2,0,0,0
West Virginia,2017,0,0,0,1,0,0,0
Wyoming,2017,0,0,0,1,0,1,0
Alaska,2018,0,0,0,0,0,0,0
Alabama,2018,0,0,0,3,1,0,0
Arkansas,2018,0,0,0,2,0,0,0
Arizona,2018,1,0,0,0,0,0,0
California,2018,1,0,0,0,0,1,0
Colorado,2018,1,0,0,4,0,1,0
Connecticut,2018,0,0,0,1,0,0,2
Delaware,2018,0,0,0,0,0,0,1
Florida,2018,0,0,0,2,1,0,0
Georgia,2018,0,0,0,3,2,0,1
Hawaii,2018,0,0,0,0,0,0,0
Iowa,2018,0,0,0,3,0,0,0
Idaho,2018,0,0,0,0,0,1,0
Illinois,2018,0,0,0,3,0,0,0
Indiana,2018,0,0,0,3,0,0,0
Kansas,2018,1,0,0,3,0,0,0
Kentucky,2018,0,0,0,1,0,0,0
Louisiana,2018,0,0,0,2,0,0,0
Massachusetts,2018,0,0,0,1,0,0,2
Maryland,2018,0,0,0,3,1,0,2
Maine,2018,0,0,0,0,0,0,1
Michigan,2018,0,0,0,2,0,0,0
Minnesota,2018,0,0,0,0,0,0,0
Missouri,2018,1,0,0,3,0,0,0
Mississippi,2018,0,0,0,1,0,0,0
Montana,2018,0,0,0,0,0,1,0
North Carolina,2018,0,0,0,2,2,0,2
North Dakota,2018,0,0,0,0,0,0,0
Nebraska,2018,0,0,0,2,0,0,0
New Hampshire,2018,0,0,0,0,0,0,1
New Jersey,2018,0,0,0,2,0,0,2
New Mexico,2018,1,0,0,1,0,0,0
Nevada,2018,1,0,0,0,0,0,0
New York,2018,0,0,0,3,0,0,2
Ohio,2018,0,0,0,2,0,0,0
Oklahoma,2018,1,0,0,2,0,0,0
Oregon,2018,1,0,0,0,0,1,0
Pennsylvania,2018,0,0,0,4,0,0,2
Puerto Rico,2018,0,0,0,0,0,0,0
Rhode Island,2018,0,0,0,0,0,0,2
South Carolina,2018,0,0,0,3,2,0,1
South Dakota,2018,0,0,0,0,0,0,0
Tennessee,2018,0,0,0,1,0,0,1
Texas,2018,1,0,0,5,0,0,0
Utah,2018,1,0,0,1,0,1,0
Virginia,2018,0,0,0,3,2,0,2
Virgin Islands,2018,0,0,0,0,0,0,0
Vermont,2018,0,0,0,1,0,0,0
Washington,2018,0,0,0,0,0,1,0
Wisconsin,2018,0,0,0,1,0,0,0
West Virginia,2018,0,0,0,1,0,0,0
Wyoming,2018,0,0,0,1,0,1,0
Alaska,2019,0,0,0,0,0,1,0
Alabama,2019,0,0,0,3,0,0,0
Arkansas,2019,0,2,0,2,0,0,0
Arizona,2019,0,0,0,0,0,0,0
California,2019,0,0,0,0,0,1,0
Colorado,2019,0,0,0,2,0,0,0
Connecticut,2019,0,0,0,1,0,0,0
Delaware,2019,0,0,0,0,0,0,0
Florida,2019,0,0,0,0,1,0,0
Georgia,2019,0,0,0,1,1,0,0
Hawaii,2019,0,0,0,0,0,0,0
Iowa,2019,0,2,0,2,0,0,0
Idaho,2019,0,0,0,0,0,0,0
Illinois,2019,0,1,0,3,0,0,0
Indiana,2019,0,1,0,3,0,0,0
Kansas,2019,0,2,0,2,0,0,0
Kentucky,2019,0,1,0,0,0,0,0
Louisiana,2019,0,1,0,3,1,0,0
Massachusetts,2019,0,0,0,1,0,0,0
Maryland,2019,0,0,0,1,0,0,0
Maine,2019,0,0,0,0,0,0,0
Michigan,2019,0,1,0,0,0,0,0
Minnesota,2019,0,1,0,0,0,0,0
Missouri,2019,0,2,0,2,0,0,0
Mississippi,2019,0,1,0,3,0,0,0
Montana,2019,0,0,0,0,0,0,0
North Carolina,2019,0,0,0,2,1,0,0
North Dakota,2019,0,1,0,0,0,0,0
Nebraska,2019,0,2,0,1,0,0,0
New Hampshire,2019,0,0,0,0,0,0,0
New Jersey,2019,0,0,0,2,0,0,0
New Mexico,2019,0,0,0,0,0,0,0
Nevada,2019,0,0,0,0,0,0,0
New York,2019,0,0,0,1,0,0,0
Ohio,2019,0,1,0,3,0,0,0
Oklahoma,2019,0,2,0,4,0,0,0
Oregon,2019,0,0,0,0,0,0,0
Pennsylvania,2019,0,0,0,3,0,0,0
Puerto Rico,2019,0,0,0,0,1,0,0
Rhode Island,2019,0,0,0,0,0,0,0
South Carolina,2019,0,0,0,0,1,0,0
South Dakota,2019,0,1,0,0,0,0,0
Tennessee,2019,0,1,0,2,0,0,0
Texas,2019,0,1,0,5,1,0,0
Utah,2019,0,0,0,0,0,0,0
Virginia,2019,0,0,0,1,1,0,0
Virgin Islands,2019,0,0,0,0,0,0,0
Vermont,2019,0,0,0,0,0,0,0
Washington,2019,0,0,0,0,0,0,0
Wisconsin,2019,0,1,0,0,0,0,0
West Virginia,2019,0,0,0,1,0,0,0
Wyoming,2019,0,0,0,1,0,0,0
Alaska,2020,0,0,0,0,0,0,0
Alabama,2020,0,0,0,6,3,0,0
Arkansas,2020,0,0,0,7,1,0,0
Arizona,2020,1,0,0,0,0,1,0
California,2020,1,0,0,0,0,1,0
Colorado,2020,1,0,0,0,0,1,0
Connecticut,2020,0,0,0,1,1,0,0
Delaware,2020,0,0,0,2,1,0,0
Florida,2020,0,0,0,4,3,0,0
Georgia,2020,0,0,0,5,5,0,0
Hawaii,2020,0,0,0,0,0,0,0
Iowa,2020,1,0,0,3,0,0,0
Idaho,2020,0,0,0,0,0,1,0
Illinois,2020,0,0,0,6,0,0,0
Indiana,2020,0,0,0,6,0,0,0
Kansas,2020,1,0,0,4,0,0,0
Kentucky,2020,0,0,0,4,0,0,0
Louisiana,2020,0,0,0,5,4,0,0
Massachusetts,2020,0,0,0,2,1,0,0
Maryland,2020,0,0,0,4,1,0,0
Maine,2020,0,0,0,0,0,0,0
Michigan,2020,0,0,0,3,0,0,0
Minnesota,2020,0,0,0,2,0,0,0
Missouri,2020,0,0,0,6,0,0,0
Mississippi,2020,0,0,0,5,4,0,0
Montana,2020,0,0,0,0,0,1,0
North Carolina,2020,0,0,0,5,4,0,0
North Dakota,2020,1,0,0,0,0,0,0
Nebraska,2020,1,0,0,3,0,0,0
New Hampshire,2020,0,0,0,0,0,0,0
New Jersey,2020,0,0,0,3,1,0,0
New Mexico,2020,1,0,0,0,0,1,0
Nevada,2020,1,0,0,0,0,1,0
New York,2020,0,0,0,3,1,0,0
Ohio,2020,0,0,0,4,0,0,0
Oklahoma,2020,0,0,0,6,0,0,0
Oregon,2020,1,0,0,0,0,1,0
Pennsylvania,2020,0,0,0,5,1,0,0
Puerto Rico,2020,0,0,0,0,0,0,0
Rhode Island,2020,0,0,0,2,1,0,0
South Carolina,2020,0,0,0,5,5,0,0
South Dakota,2020,0,0,0,2,0,0,0
Tennessee,2020,0,0,0,8,1,0,0
Texas,2020,1,0,0,7,3,0,0
Utah,2020,1,0,0,0,0,1,0
Virginia,2020,0,0,0,6,2,0,0
Virgin Islands,2020,0,0,0,0,0,0,0
Vermont,2020,0,0,0,0,0,0,0
Washington,2020,1,0,0,0,0,1,0
Wisconsin,2020,0,0,0,3,0,0,0
West Virginia,2020,0,0,0,3,0,0,0
Wyoming,2020,1,0,0,0,0,1,0
